﻿"Title","ID","Created Date","Updated Date","Owner","Type","Manufacturer","Model","Weight Class","Working Hours","EPA Tag","Description","Media Gallery","Machinery (Title)","Year","Machinery (All)","Main Photo"
"2012 Caterpillar 992K","20d730d2-cfac-4406-a1d1-a83c52dec228",2022-11-19T02:10:33Z,2022-11-19T03:25:28Z,"bde3410e-33bb-402f-ab21-63586ac781cd","Wheel Loader","Caterpillar","992K","16 Yd",158000,"EPA","Standard Lift
Auto Lube
14 YD3 Spade Nose Rock Bucket
5,000 idle hours (30%) with 39% Average Load Factor

Machine will come with Brand New Bridgestone L5’s
Replacing the GET
Bucket will be blasted and Painted.","[{""slug"":""bde341_cf3b3aa1d9bd4df6988232cc1a182c43~mv2."",""alt"":"""",""src"":""wix:image://v1/bde341_cf3b3aa1d9bd4df6988232cc1a182c43~mv2.webp/201220caterpillar20992k_1.webp#originWidth=800&originHeight=400"",""title"":"""",""type"":""image"",""settings"":{}},{""slug"":""bde341_ad16c080c1ed4c92bc8300ef8681ecca~mv2."",""alt"":"""",""src"":""wix:image://v1/bde341_ad16c080c1ed4c92bc8300ef8681ecca~mv2.webp/201220caterpillar20992k_3.webp#originWidth=800&originHeight=400"",""title"":"""",""type"":""image"",""settings"":{}},{""slug"":""bde341_be1b749bca034cf6b78b14c5f1907d5c~mv2."",""alt"":"""",""src"":""wix:image://v1/bde341_be1b749bca034cf6b78b14c5f1907d5c~mv2.webp/201220caterpillar20992k_2.webp#originWidth=800&originHeight=400"",""title"":"""",""type"":""image"",""settings"":{}}]","/machinery/2012-caterpillar-992k","2011","/machinery-1/","wix:image://v1/bde341_cf3b3aa1d9bd4df6988232cc1a182c43~mv2.webp/201220Caterpillar20992K_1.webp#originWidth=800&originHeight=400"
"2018 Komatsu D375A-8
","b4566319-e0c6-4f12-87cd-4964cdda04e1",2022-11-19T03:25:40Z,2022-11-19T03:29:53Z,"bde3410e-33bb-402f-ab21-63586ac781cd","Dozer","Komatsu","D375A-8","600 HP",7378,"EPA",,"[{""slug"":""bde341_98603f5d80d849279fbbaadc96b706fc~mv2."",""alt"":"""",""src"":""wix:image://v1/bde341_98603f5d80d849279fbbaadc96b706fc~mv2.webp/komatsu20d375a-8_2.webp#originWidth=800&originHeight=400"",""title"":"""",""type"":""image"",""settings"":{}},{""slug"":""bde341_bd00a70586284be19e548f4de5662c3a~mv2."",""alt"":"""",""src"":""wix:image://v1/bde341_bd00a70586284be19e548f4de5662c3a~mv2.webp/komatsu20d375a-8_3.webp#originWidth=800&originHeight=400"",""title"":"""",""type"":""image"",""settings"":{}},{""slug"":""bde341_368c9b74e0d846a397a050a0db9647db~mv2."",""alt"":"""",""src"":""wix:image://v1/bde341_368c9b74e0d846a397a050a0db9647db~mv2.webp/komatsu20d375a-8_1.webp#originWidth=800&originHeight=400"",""title"":"""",""type"":""image"",""settings"":{}}]","/machinery/2018-komatsu-d375a-8-","2018","/machinery-1/","wix:image://v1/bde341_98603f5d80d849279fbbaadc96b706fc~mv2.webp/Komatsu20D375A-8_2.webp#originWidth=800&originHeight=400"
