﻿"ID","Created Date","Updated Date","Owner","Start Date","Delivery Method","Order Date","Arrival Date","PO","TSR","Department","Previous Owner","Model","Computer Name","User","Status","Notes","Location","Needs Backup","Needs Reimage","PCInventory (Computer Name)","PCInventory (All)","Photo","Additional Equipment","Needs Parts","Decommission","Previous Department","Previous Status","Previous Location","PO Department","Depart","Serial Number","Type"
"000e86e3-314c-43dd-a2b0-267a3b27a650",2021-10-15T16:15:38Z,2021-10-15T16:15:38Z,"bde3410e-33bb-402f-ab21-63586ac781cd",,,,,,,,"New ","Lenovo T490","US103690","Jeannette Rodriguez","Complete","On Bench - Imaged",,,,"/pcinventory-1/us103690","/pcinventory-1/",,,,,,,,,,,
"0312de9a-e390-4575-b4fa-8e9fc3c76919",2021-10-15T16:15:34Z,2021-10-15T16:15:34Z,"bde3410e-33bb-402f-ab21-63586ac781cd",,,,,,,,"Derek Torres","Lenovo Yoga 260","US103131",,"Pending Asset Recovery -CI","Disabled - RH to reach out to Alex Torres for machine info...",,,,"/pcinventory-1/us103131","/pcinventory-1/",,,,,,,,,2021-04-20T04:00:00Z,,
"04000c80-dac8-485d-bcf8-3f27464b3a4c",2021-10-15T16:15:37Z,2021-10-15T16:15:37Z,"bde3410e-33bb-402f-ab21-63586ac781cd",2020-11-02T05:00:00Z,"Ship ",,,,,,"New","Lenovo T490","US103641","Anita Sonder","Complete","On Bench - Imaged, updated ready for user. shipped (mm)",,,,"/pcinventory-1/us103641","/pcinventory-1/",,"dock",,,,,,,,,
"04bf1639-2bd4-46a2-b5bc-7d6d200d9f40",2021-10-15T16:15:37Z,2021-10-15T16:15:37Z,"bde3410e-33bb-402f-ab21-63586ac781cd",,,,,,,,"Michael Katilius","MacBook Pro 16 ","US103631","Wille Rodriguez","Complete","In back - Data is backed up. Was told not to image for software on machine per jody","Bench",,,"/pcinventory-1/us103631","/pcinventory-1/",,,,,,,,,,,
"0531756a-ca3d-44af-aae4-009f2f41258b",2021-10-15T16:15:35Z,2021-10-15T16:15:35Z,"bde3410e-33bb-402f-ab21-63586ac781cd",,,,,,,,"Brittany Freymeyer","Lenovo T480s","US103297","JoAnn Aleman","Complete","On Bench - Imaged",,,,"/pcinventory-1/us103297","/pcinventory-1/",,,,,,,,,,,
"054f4a28-126f-42e2-bc07-065d96f9cd93",2021-10-15T16:15:37Z,2021-10-15T16:15:37Z,"bde3410e-33bb-402f-ab21-63586ac781cd",,,,,,,,"New","Lenovo T490","US103671","Jane Duffy ","Complete","On Bench - Imaged",,,,"/pcinventory-1/us103671","/pcinventory-1/",,"charged",,,,,,,,,
"06244a58-13f4-4b7a-8499-eff511147d95",2021-10-15T16:15:36Z,2021-11-03T16:07:13Z,"bde3410e-33bb-402f-ab21-63586ac781cd",2021-07-26T04:00:00Z,"Pick up ",,,,,,"Claudia Novelli","Lenovo Yoga 380 ","US103358","Valerie Garriga","Complete","On bench - Imaged",,,,"/pcinventory-1/us103358","/pcinventory-1/",,,,,,,,,,,
"07eb2696-a57f-42d1-992d-e8a38927262e",2021-10-15T16:15:38Z,2021-10-15T16:15:38Z,"bde3410e-33bb-402f-ab21-63586ac781cd",,,,,,,"Business Development","Chris McMurray","Lenovo T490","US103691",,"Data backed up",,,,,"/pcinventory-1/us103691","/pcinventory-1/",,,,,,,,,,,
"082ae12c-a0e9-417c-a12d-8bee4e199a8a",2021-10-15T16:15:35Z,2021-10-15T16:15:35Z,"bde3410e-33bb-402f-ab21-63586ac781cd",2020-10-26T00:00:00Z,"Ship",,,,,,"Lata Reddy","Lenovo Yoga 370","US103228","Umesh Bhattarai","Complete","On Bench - DA, Sophos, Updating.  Needs bitlocker, please check tpm in bios",,,,"/pcinventory-1/us103228","/pcinventory-1/",,,,,,,,,,,
"09835999-e069-4c38-9a95-854d41888e11",2021-10-15T16:15:37Z,2021-10-15T16:15:37Z,"bde3410e-33bb-402f-ab21-63586ac781cd",,,,,,,,,"Lenovo ThinkPad T490/dock ","US103596","Christina Ruiz","Complete","Completed",,,,"/pcinventory-1/us103596","/pcinventory-1/",,,,,,,,,,"PF2684Y3",
"09a2cb3a-e29b-4fc5-baf1-861cf93f8ea6",2021-10-15T16:15:38Z,2021-11-03T16:07:22Z,"bde3410e-33bb-402f-ab21-63586ac781cd",2021-08-02T04:00:00Z,"Ship ",,,,,,"New","Lenovo T490","US103696","Emily Park","Complete","On bench - Imaged","Profile created. Just waiting for phone",,,"/pcinventory-1/us103696","/pcinventory-1/",,,,,,,,,,,
"0c209f88-0028-48f5-a3d3-335517e847ac",2021-10-15T16:15:37Z,2021-10-15T16:15:37Z,"bde3410e-33bb-402f-ab21-63586ac781cd",,,2020-01-21T05:00:00Z,2020-03-13T04:00:00Z,"49782","47376",,,"Lenovo ThinkPad T490","US103611","Abigail Chamarro-WW Finance ","Complete","Completed",,,,"/pcinventory-1/us103611","/pcinventory-1/",,,,,,,,,,"PF1VTVB7",
"0ce4a7ef-3daa-42ef-8c39-ab961764b81c",2021-10-15T16:15:37Z,2021-10-15T16:15:37Z,"bde3410e-33bb-402f-ab21-63586ac781cd",,,,,,,,"New","Lenovo T490","US103637","Sara Rolek","Complete","On Dan desk - Imaged and Updated. Awaiting user info User will pick up next week. Waiting for exact time/day",,,,"/pcinventory-1/us103637","/pcinventory-1/",,,,,,,,,,,
"0d5cdb29-9c49-405f-adbe-f1511580f65c",2021-10-15T16:15:37Z,2021-10-15T16:15:37Z,"bde3410e-33bb-402f-ab21-63586ac781cd",,,,,,,"Audit","Daniel Cruz","Lenovo T490","US103644",,"Data backed up","On hold for department redeployment",,,,"/pcinventory-1/us103644","/pcinventory-1/",,,,,,,,,,,
"0d708468-24b2-4628-86c0-9723dcca6219",2021-10-15T16:15:38Z,2021-10-15T16:15:38Z,"bde3410e-33bb-402f-ab21-63586ac781cd",,,,,,,,"New ","Macbook air 2021","US103698","Casey Weaver","Complete","On Bench - Imaged",,,,"/pcinventory-1/us103698","/pcinventory-1/",,,,,,,,,,,
"0eeb41ef-102b-4244-89fa-64b70e403eb9",2021-10-15T16:15:36Z,2021-10-15T16:15:36Z,"bde3410e-33bb-402f-ab21-63586ac781cd",,,,,,,,,"Lenovo Yoga 380","US103429","Glorivil Rosario","Complete","On Bench - Updated, Profile created, just waiting for teams and onedrive - Completed",,,,"/pcinventory-1/us103429","/pcinventory-1/",,,,,,,,,,,
"0ffb2ad1-2c69-4c7f-9ed6-d2fd4623e63c",2021-10-15T16:15:38Z,2021-10-15T16:15:38Z,"bde3410e-33bb-402f-ab21-63586ac781cd",,,,,,,,"New","Lenovo T490","US103689","Kim Logan","Complete","On bench - Imaged",,,,"/pcinventory-1/us103689","/pcinventory-1/",,,,,,,,,,,
"103bb118-0223-4caf-9b4b-ed20a7fac2c6",2021-10-15T16:15:39Z,2021-11-03T16:15:34Z,"bde3410e-33bb-402f-ab21-63586ac781cd",,,2020-01-24T05:00:00Z,2020-02-24T05:00:00Z,"49817",,"Dept. 090",,"Lenovo ThinkPad T490/dock ","US103579","Tom Roehlk","Complete","already deployed ",,,,"/pcinventory-1/us103579","/pcinventory-1/",,,,,,,,,,"MJ0A2M1J",
"10bcb3d5-dd2e-4326-9484-11ecaf824933",2021-10-15T16:15:38Z,2021-10-15T16:15:38Z,"bde3410e-33bb-402f-ab21-63586ac781cd",,,,,,,,"New","Lenovo T490","US103681","Cindy Burke","Complete","On bench - Imaged",,,,"/pcinventory-1/us103681","/pcinventory-1/",,,,,,,,,,,
"10e2599e-e09e-4a06-b246-222d7308e6ba",2021-10-15T16:15:34Z,2021-10-15T16:15:34Z,"bde3410e-33bb-402f-ab21-63586ac781cd",,,,,,,,"Juan Gamboa","Lenovo Yoga 260","US103132",,"In Progress","On Bench - Imaged",,,,"/pcinventory-1/us103132","/pcinventory-1/",,,,,,,,,,,
"11b9c1ab-8993-48eb-bec1-305c5d085961",2021-10-15T16:15:38Z,2021-10-15T16:15:38Z,"bde3410e-33bb-402f-ab21-63586ac781cd",2021-06-01T04:00:00Z,,,,,,,"New","Lenovo T490","US103682","Kim Logan","Complete","On bench - Imaged",,,,"/pcinventory-1/us103682","/pcinventory-1/",,"charged",,,,,,,,,
"12147be4-c70b-4cda-b8fe-c8fc27a67125",2021-10-15T16:15:34Z,2021-10-15T16:15:34Z,"bde3410e-33bb-402f-ab21-63586ac781cd",,,,,,,,,"Lenovo T460s","US103094","John Gilson","Complete","On bench - imaging complete",,,,"/pcinventory-1/us103094","/pcinventory-1/",,,,,,,,,,,
"122fbff4-a5b7-4f68-affa-c88ec510025b",2021-10-15T16:15:39Z,2021-10-15T16:15:39Z,"bde3410e-33bb-402f-ab21-63586ac781cd",,,,,,,,"New ","Lenovo T490","US103732",,"In Progress","On bench - Imaged",,,,"/pcinventory-1/us103732","/pcinventory-1/",,,,,,,,,,,
"1231cc68-a50d-483d-a6c3-33bdb7aa0c6d",2021-10-15T16:15:37Z,2021-10-15T16:15:37Z,"bde3410e-33bb-402f-ab21-63586ac781cd",,,,,,,,"New","Lenovo T490","US103658","Amy Heaton","Complete","On Bench - Imaging","Server Room",,,"/pcinventory-1/us103658","/pcinventory-1/",,"charged",,,,,,,,,
"1258c79b-61c7-4801-8f45-5560c9afc9dd",2021-10-15T16:15:36Z,2021-10-15T16:15:36Z,"bde3410e-33bb-402f-ab21-63586ac781cd",,,,,,,,"Rick Madeiros","Lenovo T580","US103366","Daniel Maldanado","Complete","On Bench - Imaged","Server RM Bench",,,"/pcinventory-1/us103366","/pcinventory-1/",,,,,,,,,,,
"125dfb73-231f-4c56-b10d-840decb7a130",2021-10-15T16:15:34Z,2021-11-03T16:06:51Z,"bde3410e-33bb-402f-ab21-63586ac781cd",2021-03-09T05:00:00Z,"pick up",,,,,,"Debi McAvoy","Lenovo Yoga 260","US103107","Melissa Tellado","Complete","On Bench - Imaged, software installed, profile created.  Ready to deploy","Bench",,,"/pcinventory-1/us103107","/pcinventory-1/",,"Headset",,,,,,,,,
"135a9c5a-1716-4f21-8d26-955537d5337f",2021-10-15T16:15:34Z,2021-10-15T16:15:34Z,"bde3410e-33bb-402f-ab21-63586ac781cd",,,,,,,,,"Mac","US102672","Marc Kroon","Complete","On Ryan desk - Completed. Ready to be shipped. Moved to Mikes desk",,,,"/pcinventory-1/us102672","/pcinventory-1/",,,,,,,,,,,
"1370c8f4-3faa-4a1d-9a03-8a685e82ff9e",2021-10-15T16:15:37Z,2021-10-15T16:15:37Z,"bde3410e-33bb-402f-ab21-63586ac781cd",,,,,,,,"Jennifer Pavlokich","Lenovo T490s","US103527","Joann Roselli","Complete","On Bench - Imaged ",,,,"/pcinventory-1/us103527","/pcinventory-1/",,,,,,,,,,,
"1385503f-ea16-4713-accc-e2154e23d51c",2021-10-15T16:15:37Z,2021-10-15T16:15:37Z,"bde3410e-33bb-402f-ab21-63586ac781cd",2021-05-03T04:00:00Z,"Pick up",,,,,,"New","Lenovo T490","US103669","Mariannie Segarra","Complete","On Bench - Imaged","Server RM Bench",,,"/pcinventory-1/us103669","/pcinventory-1/",,"charged",,,,,,,,,
"151c904e-02ce-49ff-8d21-0e544db51d55",2021-10-15T16:15:34Z,2021-10-15T16:15:34Z,"bde3410e-33bb-402f-ab21-63586ac781cd",,,,,,,,"Pam White","Lenovo Yoga 260","US103137",,"Complete","Asset was wiped and sold","Asset sold to Robin Berghorn",,,"/pcinventory-1/us103137","/pcinventory-1/",,,,,,,,,,,
"16bb2b0d-c7f4-4034-b08d-a563bb232ce0",2021-10-15T16:15:36Z,2021-10-15T16:15:36Z,"bde3410e-33bb-402f-ab21-63586ac781cd",,,,,,,,,"Lenovo T480","US103433","Norma Angelica Avalos","Complete","Replace US103031 - Completed",,,,"/pcinventory-1/us103433","/pcinventory-1/",,,,,,,,,,,
"17a1035d-ba8e-4b5f-9e66-99f898c688d6",2021-10-15T16:15:37Z,2021-10-15T16:15:37Z,"bde3410e-33bb-402f-ab21-63586ac781cd",,,2020-01-24T05:00:00Z,2020-04-03T04:00:00Z,"49845","52294",,,"Lenovo ThinkPad T490/dock ","US103589","Sandra Robinson Dept. 710","Complete","already deployed ",,,,"/pcinventory-1/us103589","/pcinventory-1/",,,,,,,,,,"PF1W85VS",
"19169d1f-9a83-4495-a1c9-578c513045b9",2021-10-15T16:15:35Z,2021-11-03T16:07:05Z,"bde3410e-33bb-402f-ab21-63586ac781cd",2021-09-20T04:00:00Z,,,,,,"Communications 027","Jessica Walters","Lenovo T480","US103310","Monica Tavitki","Complete","On Bench - Imaged",,,,"/pcinventory-1/us103310","/pcinventory-1/",,"Ready ",,,,,,,,,
"19416329-f461-4536-b2a2-b2666138a7f7",2021-10-15T16:15:35Z,2021-10-15T16:15:35Z,"bde3410e-33bb-402f-ab21-63586ac781cd",,,,,,,,"Sahaana Uma","Lenovo Yoga 370 ","US103205 ","Jesus Garcia","Complete","On bench - Imaged",,,,"/pcinventory-1/us103205-","/pcinventory-1/",,,,,,,,,2021-04-09T04:00:00Z,,
"1a223cf8-34ba-4efe-b0df-2e21ad5f97f8",2021-10-15T16:15:35Z,2021-10-15T16:15:35Z,"bde3410e-33bb-402f-ab21-63586ac781cd",2021-01-18T05:00:00Z,,,,,,,"Tim Peirce","Lenovo T470","US103247","Lisa Rodriguez","Complete","Backing up data, profile created.  Waiting for user to pickup","Bench",,,"/pcinventory-1/us103247","/pcinventory-1/",,,,,,,,,,,
"1a4c3fc3-899d-4e28-9830-2655a19e3bf7",2021-10-15T16:15:37Z,2021-10-15T16:15:37Z,"bde3410e-33bb-402f-ab21-63586ac781cd",,,2020-01-24T05:00:00Z,2020-04-03T04:00:00Z,"49845","52294",,,"Lenovo ThinkPad T490/dock ","US103604","Jim Perry Dept. 710","Complete","Assigned to new Lawyer",,,,"/pcinventory-1/us103604","/pcinventory-1/",,,,,,,,,,"PF1W7Z1L",
"1a766b85-b247-4c34-b0f0-55566e51f0ee",2021-10-15T16:15:37Z,2021-10-15T16:15:37Z,"bde3410e-33bb-402f-ab21-63586ac781cd",,,,,,,,"New ","Surface Laptop 3","US103662","Karen Sheehan","in progress","On Bench - Imaged ","Bench",,,"/pcinventory-1/us103662","/pcinventory-1/",,,,,,,,,,,
"1ab5b552-a5b6-4c29-8ecb-7ececc51206c",2021-10-15T16:15:37Z,2021-10-15T16:15:37Z,"bde3410e-33bb-402f-ab21-63586ac781cd",,,2020-01-21T05:00:00Z,2020-03-13T04:00:00Z,"49782","47376",,,"Lenovo ThinkPad T490","US103608","Keila Sanchez-WW Finance","Complete","Keila Sanchez - On Bench. Completed",,,,"/pcinventory-1/us103608","/pcinventory-1/",,,,,,,,,,"PF1X95VM",
"1b9d1d29-c772-4c57-b8ac-bae9293ce836",2021-10-15T16:15:36Z,2021-10-15T16:15:36Z,"bde3410e-33bb-402f-ab21-63586ac781cd",2021-03-08T05:00:00Z,"Ship",,,,,,"Chris Stuchlak","Lenovo Yoga X380","US103358","Claudia Novelli","Complete","On Bench - Imaged ","Server RM Bench",,,"/pcinventory-1/us103358","/pcinventory-1/",,"Monitor & Dock shipping from Amazon",,,,,,,,,
"1cb75859-9f16-483e-b102-fb0d04248d4d",2021-10-15T16:15:37Z,2021-10-15T16:15:37Z,"bde3410e-33bb-402f-ab21-63586ac781cd",2021-04-05T04:00:00Z,"Ship ",,,,,,"New","Lenovo T490","US103664","Tony Bango","Complete ","On Bench - Imaged","Bench",,,"/pcinventory-1/us103664","/pcinventory-1/",,,,,,,,,,,
"1dfcf399-b094-4023-b6d3-a807353dfd56",2021-10-15T16:15:38Z,2021-10-15T16:15:38Z,"bde3410e-33bb-402f-ab21-63586ac781cd",,,,,,,,"New","Lenovo T490","US103689","Doug Palenica","Complete","On Bench - Imaged ",,,,"/pcinventory-1/us103689","/pcinventory-1/",,,,,,,,,,,
"1eb4021c-6298-4303-93fd-1f1a6db4f5c6",2021-10-15T16:15:36Z,2021-10-15T16:15:36Z,"bde3410e-33bb-402f-ab21-63586ac781cd",,,,,,,"Audit ","Anjeli Singh ",,"US103414",,"Data backed up",,,,,"/pcinventory-1/us103414","/pcinventory-1/",,,,,,,,,,,
"1f057673-3f28-42e6-bc51-a81a83324f00",2021-10-15T16:15:37Z,2021-10-15T16:15:37Z,"bde3410e-33bb-402f-ab21-63586ac781cd",2021-04-12T04:00:00Z,,,,,,,"Hernan Otero","Lenovo Yoga 380","US103572","Stover HR Rep","Complete ","On Bench - Imaged ","Server RM Bench",,,"/pcinventory-1/us103572","/pcinventory-1/",,,,,,,,,,,
"20b7e5a1-4900-4274-9e92-8c3210915661",2021-10-15T16:15:36Z,2021-10-15T16:15:36Z,"bde3410e-33bb-402f-ab21-63586ac781cd",,"P/U",,,,,,"Tyler Griffin","Lenovo T480s","US103352","Merielle Molina","Complete","On Bench - Imaged",,,,"/pcinventory-1/us103352","/pcinventory-1/",,"Monitor, keyboard",,,,,,,,,
"20d2b82e-f192-45b3-a1e2-69899daddc25",2021-10-15T16:15:38Z,2021-10-15T16:15:38Z,"bde3410e-33bb-402f-ab21-63586ac781cd",,,,,,,"HR","New ","Lenovo T490","US103725","Rafael Pinterich","Complete",,,,,"/pcinventory-1/us103725","/pcinventory-1/",,,,,,,,,,,
"2216e432-beab-418e-8023-91eb04b3e763",2021-10-15T16:15:36Z,2021-11-03T16:06:30Z,"bde3410e-33bb-402f-ab21-63586ac781cd",,,,,,,,"Rajai Rajeev","Lenovo Yoga 380","US103336","Asad Khan Replacement","Complete",,,,,"/pcinventory-1/us103336","/pcinventory-1/",,,,,,,,,,,
"22efd1f9-198c-4679-819a-45b80bb41b18",2021-10-15T16:15:35Z,2021-10-15T16:15:35Z,"bde3410e-33bb-402f-ab21-63586ac781cd",2020-10-19T00:00:00Z,"Pick up",,,,,,,"Lenovo Yoga 370","US103205","Sahaana Uma","Complete","On bench - Cisco Updated, DA, Sophos. Updated",,,,"/pcinventory-1/us103205","/pcinventory-1/",,,,,,,,,,,
"230738c4-344f-430d-b8d2-f12eaaba8a14",2021-10-15T16:15:37Z,2021-10-15T16:15:37Z,"bde3410e-33bb-402f-ab21-63586ac781cd",,,2020-01-21T05:00:00Z,2020-03-13T04:00:00Z,"49782","47376",,,"Lenovo ThinkPad T490/dock ","US103607","Jassen Houser-WW Finance","Complete","Completed",,,,"/pcinventory-1/us103607","/pcinventory-1/",,,,,,,,,,"PF1VTE0Z",
"2404876e-8c73-4956-b13e-003e93f192f4",2021-10-15T16:15:36Z,2021-10-15T16:15:36Z,"bde3410e-33bb-402f-ab21-63586ac781cd",2021-03-01T05:00:00Z,"ship/Pick",,,,,,"Andre Torres","Lenovo T480S","US103422","Cindy Soto","Complete","On bench - imaged",,,,"/pcinventory-1/us103422","/pcinventory-1/",,"Monitor & Dock shipping from amazon",,,,,,,,,
"2494db7f-122a-421d-b513-b7107c292018",2021-10-15T16:15:37Z,2021-10-15T16:15:37Z,"bde3410e-33bb-402f-ab21-63586ac781cd",,"Shipped",,,,,,"New","Lenovo T490","US103675","Carlos Jimenez ","Complete","On Bench - Imaged",,,,"/pcinventory-1/us103675","/pcinventory-1/",,"charged",,,,,,,,,
"25af547e-a08d-4e43-a3f0-f08c1c7f9ad9",2021-10-15T16:15:35Z,2021-10-15T16:15:35Z,"bde3410e-33bb-402f-ab21-63586ac781cd",,,,,,,,,"Lenovo Yoga 370","US103282","Tino Robles","Complete","Replace US102913 - Completed",,,,"/pcinventory-1/us103282","/pcinventory-1/",,,,,,,,,,,
"265ffb4a-c172-43a4-8cd3-f2e939356cf5",2021-10-15T16:15:37Z,2021-10-15T16:15:37Z,"bde3410e-33bb-402f-ab21-63586ac781cd",,,,,,,,"New","Surface laptop 3","US103652","Rekha Ramesh","Complete","On Bench - Imaging, installing updates","Dan Cube",,,"/pcinventory-1/us103652","/pcinventory-1/",,,,,,,,,,,
"26b0f171-945b-47ca-a9f2-81e5b5c8e695",2021-10-15T16:15:36Z,2021-10-15T16:15:36Z,"bde3410e-33bb-402f-ab21-63586ac781cd",2020-10-26T00:00:00Z,"Pick up",,,,,,"Lena Cords","Lenovo Yoga 380","US103419","Samuel Diaz","Complete","On Bench - DA, Sophos, Updating. Complete, except for teams",,,,"/pcinventory-1/us103419","/pcinventory-1/",,,,,,,,,,,
"28b6c520-70c7-4a85-8cb4-f71f507f3558",2021-10-15T16:15:37Z,2021-10-15T16:15:37Z,"bde3410e-33bb-402f-ab21-63586ac781cd",2020-12-07T05:00:00Z,"Pickup",,,,,,"Chris O Leary ","Lenovo Yoga 380","US103478","Raymond Ali (Legal)","Complete","On Bench - Imaging","Server RM Bench",,,"/pcinventory-1/us103478","/pcinventory-1/",,"monitor & dock",,,,,,,,,
"29d6ee6d-271d-44de-847e-8a6388e9139d",2021-10-15T16:15:36Z,2021-10-15T16:15:36Z,"bde3410e-33bb-402f-ab21-63586ac781cd",,,,,,,,,"lenovo Yoga 380","US103348","Jill Easton","Complete","On Bench - Basic software installed , outlook set up",,,,"/pcinventory-1/us103348","/pcinventory-1/",,,,,,,,,,,
"2a8fd72a-4e6c-4db5-851f-b7c46f2c3048",2021-10-15T16:15:35Z,2021-10-15T16:15:35Z,"bde3410e-33bb-402f-ab21-63586ac781cd",,,,,,,,,"Lenovo Yoga 370","US103289","Peter Samaroo","Complete","Replace US103093 -  Completed",,,,"/pcinventory-1/us103289","/pcinventory-1/",,,,,,,,,,,
"2b1710e0-c89e-437c-8ca9-2cc5b4c12669",2021-10-15T16:15:38Z,2021-11-03T16:06:43Z,"bde3410e-33bb-402f-ab21-63586ac781cd",,,,,,,,"New","Lenovo T490","US103678","Lisa Viruet","Complete","On Bench - Imaged",,,,"/pcinventory-1/us103678","/pcinventory-1/",,"charged",,,,,,,,,
"2c1ce88d-0a2c-46fe-95f3-8c2bc368899a",2021-10-15T16:15:36Z,2021-10-15T16:15:36Z,"bde3410e-33bb-402f-ab21-63586ac781cd",,,,,,,,"Mary Zotti","Lenovo T490","US103439",,"On Hold - DNI","Data backed up - MG's Top RH cabinet and Drawer",,,,"/pcinventory-1/us103439","/pcinventory-1/",,,,,,,,,,,
"2c73f316-bcd5-4c6a-bb99-ace2007bfe18",2021-10-15T16:15:36Z,2021-11-03T16:06:40Z,"bde3410e-33bb-402f-ab21-63586ac781cd",2020-10-19T00:00:00Z,"Pick up",,,,,,"Glorivil Rosario","Lenovo T480s","US103429","Christina Fernandez (ucf006)","Complete","On bench - Cisco Updated, DA, Sophos. Updated, profile created.",,,,"/pcinventory-1/us103429","/pcinventory-1/",,"None requested",,,,,,,,,
"2d961793-8828-4f49-87f6-27e54c247f65",2021-10-15T16:15:36Z,2021-10-15T16:15:36Z,"bde3410e-33bb-402f-ab21-63586ac781cd",2021-05-21T04:00:00Z,"Ship ",,,,,,,"Lenovo T480s","US103438","Alok Garg","Complete","On bench - Imaged",,,,"/pcinventory-1/us103438","/pcinventory-1/",,,,,,,,,,,
"2e97b9c3-5c93-4044-be78-c8b1ab09762d",2021-10-15T16:15:34Z,2021-10-15T16:15:34Z,"bde3410e-33bb-402f-ab21-63586ac781cd",,,,,,,,,"Lenovo P51","US103117","Michelle Allen","Complete","Replace US103081 - Completed",,,,"/pcinventory-1/us103117","/pcinventory-1/",,,,,,,,,,,
"2efa1d2f-d176-4457-b36a-c16bacf1d310",2021-10-15T16:15:34Z,2021-10-15T16:15:34Z,"bde3410e-33bb-402f-ab21-63586ac781cd",,,,,,,,"Lauren Register ","Lenovo Yoga 260","US103146",,"In Progress","On Bench - Imaged",,,,"/pcinventory-1/us103146","/pcinventory-1/",,,,,,,,,2021-04-06T04:00:00Z,,
"304a2f4f-1e55-4f09-8741-8072da71c042",2021-10-15T16:15:38Z,2021-10-15T16:15:38Z,"bde3410e-33bb-402f-ab21-63586ac781cd",,,,,,,,"New","Lenovo T490","US103721","Peter Samaroo ","Complete",,,,,"/pcinventory-1/us103721","/pcinventory-1/",,,,,,,,,,,
"30f5cda4-2c32-4856-ab14-79271da82669",2021-10-15T16:15:37Z,2021-10-15T16:15:37Z,"bde3410e-33bb-402f-ab21-63586ac781cd",2021-04-12T04:00:00Z,"Ship ",,,,,,"Baker,Michael ","Lenovo T490s","US103527","Jennifer Pavkovich","Complete ","On Bench - Imaged ","Server RM Bench",,,"/pcinventory-1/us103527","/pcinventory-1/",,,,,,,,,,,
"332826b8-91c3-4f86-880f-233c7b69293d",2021-10-15T16:15:37Z,2021-10-15T16:15:37Z,"bde3410e-33bb-402f-ab21-63586ac781cd",2021-01-04T05:00:00Z,,,,,,,"New ","Surface Laptop 3","US103661","Rekha Ramesh","Complete","On Bench - Imaging ",,,,"/pcinventory-1/us103661","/pcinventory-1/",,,,,,,,,,,
"336ceb27-1349-421c-9dbc-b0e5fe9e0c06",2021-10-15T16:15:37Z,2021-10-15T16:15:37Z,"bde3410e-33bb-402f-ab21-63586ac781cd",2021-01-25T05:00:00Z,"1/19/2021",,,,,,"New","Lenovo T490","US103656","Yezenia Gonzalez","Complete","On Bench - Ready to ship","Server Room",,,"/pcinventory-1/us103656","/pcinventory-1/",,"charged",,,,,,,,,
"33fdd3b5-4483-4c7c-ba47-0fd30f6429be",2021-10-15T16:15:34Z,2021-10-15T16:15:34Z,"bde3410e-33bb-402f-ab21-63586ac781cd",,,,,,,,,"Lenovo T460","US103134","JeanPaul Chiono","Complete","Replace US102914 - on bench - Reached out to user (Ryan) Complete",,,,"/pcinventory-1/us103134","/pcinventory-1/",,,,,,,,,,,
"34268c3d-dfb5-4899-8104-9ed1ed1d4c98",2021-10-15T16:15:37Z,2021-10-15T16:15:37Z,"bde3410e-33bb-402f-ab21-63586ac781cd",,,,,,,,"New","Lenovo T490","US103676","Hong Nguyen ","Complete","On Bench - Imaged",,,,"/pcinventory-1/us103676","/pcinventory-1/",,"charged",,,,,,,,,
"351fd82d-240b-491f-bad4-5ed56f434c7a",2021-10-15T16:15:36Z,2021-10-15T16:15:36Z,"bde3410e-33bb-402f-ab21-63586ac781cd",,,,,,,,"Scott Allen","Lenovo T480s","US103438","Chris Ariott","Complete","On Bench - Imaged ","Server RM Bench",,,"/pcinventory-1/us103438","/pcinventory-1/",,,,,,,,,,,
"36c9325a-42d8-4edd-895d-43f2c626ffd3",2021-10-15T16:15:37Z,2021-10-15T16:15:37Z,"bde3410e-33bb-402f-ab21-63586ac781cd",2020-10-26T00:00:00Z,"Pick up",,,,,,"Amy Elmayan","Lenovo Yoga 380","US103468","Nalini Goli","Complete","On bench - Imaged- software installed, profile complete.  (MM)",,,,"/pcinventory-1/us103468","/pcinventory-1/",,,,,,,,,,,
"387c265b-8a8c-48d6-b9dd-1719f4aa9453",2021-10-15T16:15:37Z,2021-10-15T16:15:37Z,"bde3410e-33bb-402f-ab21-63586ac781cd",,,,,,,,,"Lenovo T490","US103544","Lorena Bounds","Complete","on bench - Ready (Ryan)- Completed and Shipped(Dan)",,,,"/pcinventory-1/us103544","/pcinventory-1/",,,,,,,,,,,
"39345388-3c81-4c0f-bedf-b9de39a61cbc",2021-10-15T16:15:37Z,2021-10-15T16:15:37Z,"bde3410e-33bb-402f-ab21-63586ac781cd",,,,,,,,,"Lenovo M920","US103479","Nancy Sullivan","Complete","Replace US102506 - On bench - Mike started working on last night, emailed user (mike) - Completed",,,,"/pcinventory-1/us103479","/pcinventory-1/",,,,,,,,,,,
"398686b7-c06d-47ac-9d6c-eacc4bac9845",2021-10-15T16:15:39Z,2021-11-03T16:15:49Z,"bde3410e-33bb-402f-ab21-63586ac781cd",,,2020-01-24T05:00:00Z,2020-04-03T04:00:00Z,"49818","62853","Dept. 780",,"Lenovo ThinkPad T490/dock ",,"Ursula Roxbury","Complete","No longer here",,,,,"/pcinventory-1/",,,,,,,,,,"SPF1W85XM",
"39fcd8d7-bf6d-4d6f-b4c1-b95711a21e7c",2021-10-15T16:15:35Z,2021-10-15T16:15:35Z,"bde3410e-33bb-402f-ab21-63586ac781cd",,,,,,,,"Justin Cargill","Lenovo T470s","US103246","Sally Word","Complete","On Bench - Imaged",,,,"/pcinventory-1/us103246","/pcinventory-1/",,,,,,,,,,,
"3abfdf12-d622-4e25-bbfe-588a0f5fa15c",2021-10-15T16:15:36Z,2021-10-15T16:15:36Z,"bde3410e-33bb-402f-ab21-63586ac781cd",,,,,,,,"Nora Alonso","Surface Pro 6 ","US103412","Ryan Hermann ","Complete","On Bench - Imaging",,,,"/pcinventory-1/us103412","/pcinventory-1/",,,,,,,,,,,
"3b4125eb-2a33-4f05-9a05-4c8ee108d66d",2021-10-15T16:15:38Z,2021-10-15T16:15:38Z,"bde3410e-33bb-402f-ab21-63586ac781cd",,,,,,,,"New","Lenovo T490","US103712","Neal Krokosky","Complete","On Bench - Imaged",,,,"/pcinventory-1/us103712","/pcinventory-1/",,,,,,,,,,,
"3e0bcf7e-5ab6-48d6-8462-66026f25e3e1",2021-10-15T16:15:37Z,2021-10-15T16:15:37Z,"bde3410e-33bb-402f-ab21-63586ac781cd",,,,,,,,"New ","Lenovo T490 ","US103643","Rogelio Servin","Complete","On Bench - Imaged, updated ready for user.  Shipping to Tim and he will complete.",,,,"/pcinventory-1/us103643","/pcinventory-1/",,"extra ram",,,,,,,,,
"3e1e30fc-3143-45f7-b224-f0de5664dbbb",2021-11-03T16:29:59Z,2021-11-03T16:32:28Z,"bde3410e-33bb-402f-ab21-63586ac781cd",,,,,,,,"New","Lenovo T490","US103733","Scott Donza","Complete","Deployed to Scott Danza",,,,"/pcinventory-1/us103733","/pcinventory-1/",,,,,,,,,,,
"3e1eff11-6474-4af7-bf21-4e13e2ff04cc",2021-10-15T16:15:35Z,2021-10-15T16:15:35Z,"bde3410e-33bb-402f-ab21-63586ac781cd",,,,,,,,"Raquel, Velez","Lenovo Yoga 370","US103218","Shular-Sanders","Complete","On bench - Imaged","Bench",,,"/pcinventory-1/us103218","/pcinventory-1/",,,,,,,,,,,
"3ed9122a-1400-40b2-9788-c9b370db3cfd",2021-10-15T16:15:34Z,2021-10-15T16:15:34Z,"bde3410e-33bb-402f-ab21-63586ac781cd",,,,,,,,"New","Lenovo Thinkcenter 910q","US103158","Prepped for Tim Carter","Complete","On Bench - Imaging","Conference room table",,,"/pcinventory-1/us103158","/pcinventory-1/",,,,,,,,,,,
"3f2fff75-872d-46cf-849a-1ab47b695426",2021-10-15T16:15:34Z,2021-10-15T16:15:34Z,"bde3410e-33bb-402f-ab21-63586ac781cd",,,,,,,,,"Lenovo T460s","US103083","Andrei Koniushin","Complete","On Bench - Ready - Will be here 9-4 @ 9am Complete",,,,"/pcinventory-1/us103083","/pcinventory-1/",,,,,,,,,,,
"4024947e-4317-41dd-841e-74cbb245bf43",2021-10-15T16:15:35Z,2021-10-15T16:15:35Z,"bde3410e-33bb-402f-ab21-63586ac781cd",,,,,,,,"Helen Blondel ","Lenovo T470s","US103245","Rosalinda Perez","Complete","On Bench - Imaged",,,,"/pcinventory-1/us103245","/pcinventory-1/",,,,,,,,,,,
"4126c5e4-fbff-4bb2-aca9-200af61e1bc0",2021-10-15T16:15:37Z,2021-10-15T16:15:37Z,"bde3410e-33bb-402f-ab21-63586ac781cd",2021-05-03T04:00:00Z,"Ship",,,,,,"New","Lenovo T490","US103672","Amy Bader","Complete","On Bench - Imaged",,,,"/pcinventory-1/us103672","/pcinventory-1/",,,,,,,,,,,
"42290f1d-1a23-4327-87b8-48a781be347d",2021-10-15T16:15:35Z,2021-10-15T16:15:35Z,"bde3410e-33bb-402f-ab21-63586ac781cd",,,,,,,,"Kelly Lacen ","Lenovo T470s","US103245","Helen (Kelly Replacement)","Complete","On Bench - Imaged","Server RM Bench",,,"/pcinventory-1/us103245","/pcinventory-1/",,,,,,,,,,,
"422ad2b5-0d30-43e0-be2d-bb33232edd81",2021-10-15T16:15:38Z,2021-10-15T16:15:38Z,"bde3410e-33bb-402f-ab21-63586ac781cd",2021-07-26T04:00:00Z,"Pick up ",,,,,"IDT 193","New","Lenovo T490","US103701","Dennis Noto","Complete","On Bench - Imaged ",,,,"/pcinventory-1/us103701","/pcinventory-1/",,,,,,,,,,,
"43427e55-97e1-4ba8-b880-62fc24a3568d",2021-10-15T16:15:38Z,2021-10-15T16:15:38Z,"bde3410e-33bb-402f-ab21-63586ac781cd",2021-09-27T04:00:00Z,,,,,,"12198","New","Lenovo T490","US103719","Magali Madariaga","Complete",,,,,"/pcinventory-1/us103719","/pcinventory-1/",,,,,,,,,,,
"44015244-c7e3-4bfe-9f94-cad9b4b65790",2021-10-15T16:15:35Z,2021-10-15T16:15:35Z,"bde3410e-33bb-402f-ab21-63586ac781cd",,"Ship ",,,,,,"Kitty","Lenovo Yoga 370","US103273","Jenna Brookins (Intern)","Complete","On Bench - Imaging",,,,"/pcinventory-1/us103273","/pcinventory-1/",,,,,,,,,,,
"4431229e-dc2e-4f77-b0f3-61756efbb094",2021-10-15T16:15:35Z,2021-10-15T16:15:35Z,"bde3410e-33bb-402f-ab21-63586ac781cd",,,,,,,,"Joey Waddell","Lenovo T470s","US103292","Alfredo Moura","Complete","On bench - Imaged",,,,"/pcinventory-1/us103292","/pcinventory-1/",,,,,,,,,2021-05-07T04:00:00Z,,
"44cc5f3c-075e-41a0-90c0-ed5991ad52e9",2021-10-15T16:15:34Z,2021-10-15T16:15:34Z,"bde3410e-33bb-402f-ab21-63586ac781cd",,,,,,,,,"Lenovo 900","US103081","Frederick Angeles","Complete","Replace US102710 Picked up and on bench. Image complete- Emailed Katie Cox (Ryan) Complete",,,,"/pcinventory-1/us103081","/pcinventory-1/",,,,,,,,,,,
"45e26668-4768-4c1d-8faa-a8a327ec8ecc",2021-10-15T16:15:39Z,2021-10-15T16:15:39Z,"bde3410e-33bb-402f-ab21-63586ac781cd",2021-10-18T00:00:00Z,,,,,,"Accounting","Shular-Sanders","Lenovo Yoga 370","US103218",,"Complete","On bench - Imaged","Bench",,,"/pcinventory-1/us103218","/pcinventory-1/",,,,,,,,,,,
"46377aed-23eb-4f95-a2cc-bd09cea36786",2021-10-15T16:15:37Z,2021-10-15T16:15:37Z,"bde3410e-33bb-402f-ab21-63586ac781cd",2020-11-02T05:00:00Z,"Ship ",,,,,,"New","Lenovo T490s","US103610","Zoe Goodnight","Complete","On Bench - Profile created. Ready to ship!",,,,"/pcinventory-1/us103610","/pcinventory-1/",,,,,,,,,,,
"469888b2-3879-42c4-bed6-7dd157a0dde7",2021-10-15T16:15:37Z,2021-10-15T16:15:37Z,"bde3410e-33bb-402f-ab21-63586ac781cd",,,2020-01-24T05:00:00Z,2020-04-03T04:00:00Z,"49819","62862",,,"Lenovo ThinkPad T490/dock ","US103580","Chris Brunk Dept. 086","Complete","Use for Simon Choy now-on bench ",,,,"/pcinventory-1/us103580","/pcinventory-1/",,,,,,,,,,"SPF1W8CM1",
"469aff68-fd90-49fd-b947-fda411c8334c",2021-10-15T16:15:34Z,2021-10-15T16:15:34Z,"bde3410e-33bb-402f-ab21-63586ac781cd",,,,,,,,"Adrianna Sasso","Lenovo T460s","US103144","Sasha Luque","Complete","On Bench - Imaged",,,,"/pcinventory-1/us103144","/pcinventory-1/",,,,,,,,,,,
"46e3a838-083e-4ec3-b690-3a8864dc6233",2021-10-15T16:15:38Z,2021-11-03T16:13:00Z,"bde3410e-33bb-402f-ab21-63586ac781cd",,,,,,,,"New","Lenovo T490","US103709","Ruben Torres","Complete","On Bench - Imaged",,,,"/pcinventory-1/us103709","/pcinventory-1/",,,,,,,,,,,
"48b98249-d256-4e98-86bc-a81f0df9cfac",2021-10-15T16:15:37Z,2021-10-15T16:15:37Z,"bde3410e-33bb-402f-ab21-63586ac781cd",,,,,,,,"Gwen Cymerman","Lenovo T490","US103582","Leslene Pender","Complete","On bench - Cisco Updated, DA, Sophos,Updated - Profile created,teams,onedrive,outlook all good - Installed visio viewer- complete & Shipped",,,,"/pcinventory-1/us103582","/pcinventory-1/",,,,,,,,,,,
"48ed02ad-f66e-4eb6-93eb-10b0f0f491d7",2021-10-15T16:15:34Z,2021-10-15T16:15:34Z,"bde3410e-33bb-402f-ab21-63586ac781cd",,,,,,,,,"Lenovo T460","US103166","Frances Goldman","Complete","Replace US103134 - Completed",,,,"/pcinventory-1/us103166","/pcinventory-1/",,,,,,,,,,,
"4928da0a-8683-4487-8850-125c4dd9f73e",2021-10-15T16:15:35Z,2021-10-15T16:15:35Z,"bde3410e-33bb-402f-ab21-63586ac781cd",,"Ship",,,,,,"Amanda Rosas","Lenovo T470S ","US103246","Justin Cargill","Complete","On Bench - Imaging",,,,"/pcinventory-1/us103246","/pcinventory-1/",,"Monitor, Dock",,,,,,,,,
"49d5b6b8-07eb-4ff2-a3cd-76da5a119a3b",2021-10-15T16:15:38Z,2021-10-15T16:15:38Z,"bde3410e-33bb-402f-ab21-63586ac781cd",2021-06-28T04:00:00Z,,,,,,,"New","Lenovo T490","US103686","Brian Wofford","Complete","On Bench - Imaged",,,,"/pcinventory-1/us103686","/pcinventory-1/",,,,,,,,,,,
"4a6e6b6b-7120-4a37-b762-32c7f37e16bf",2021-10-15T16:15:37Z,2021-10-15T16:15:37Z,"bde3410e-33bb-402f-ab21-63586ac781cd",,,,,,,,"New","Macbook Air 2020","US103638","Luis Vazquez","Complete","On Ryan desk - Completed. Moved to Mikes desk. He is picking up Thursday",,,,"/pcinventory-1/us103638","/pcinventory-1/",,,,,,,,,,,
"4b60f526-f4a5-4e8d-b2fa-93fb1e4010c9",2021-10-15T16:15:36Z,2021-10-15T16:15:36Z,"bde3410e-33bb-402f-ab21-63586ac781cd",,,,,,,,"Brent Scoggins","2019 MacBook Pro ","US103451","Anna Walker","Complete","Data backed. Machine and acccessories on server room bench","Server RM Bench",,,"/pcinventory-1/us103451","/pcinventory-1/",,,,,,,,,,,
"4be542f9-5538-4d04-8f38-2fb695c167eb",2021-10-15T16:15:37Z,2021-10-15T16:15:37Z,"bde3410e-33bb-402f-ab21-63586ac781cd",,,2020-01-24T05:00:00Z,2020-04-03T04:00:00Z,"49818","62853",,,"Lenovo ThinkPad T490/dock ","US103586","Fernando Guzman Dept. 780","Complete","Completed",,,,"/pcinventory-1/us103586","/pcinventory-1/",,,,,,,,,,"SPF1W7WT7",
"4c367208-aa07-4a1e-9cfa-750fdf6d87ef",2021-10-15T16:15:39Z,2021-10-15T16:15:39Z,"bde3410e-33bb-402f-ab21-63586ac781cd",,,,,,,,"New ","Lenovo T490","US103729","Amado Gonzalez","In Progress","On bench - Imaged",,,,"/pcinventory-1/us103729","/pcinventory-1/",,,,,,,,,,,
"4d967145-406f-486b-8046-3425e76c3a68",2021-10-15T16:15:37Z,2021-10-15T16:15:37Z,"bde3410e-33bb-402f-ab21-63586ac781cd",2021-01-25T05:00:00Z,"Pick up",,,,,,"New","Lenovo T490","US103651","Airess Rembert","Complete","On Bench - Imaging, profile created, waiting for user","Bench",,,"/pcinventory-1/us103651","/pcinventory-1/",,"charged ",,,,,,,,,
"4fa67b28-fa1c-4bed-a62b-8d4285cadcdb",2021-10-15T16:15:37Z,2021-10-15T16:15:37Z,"bde3410e-33bb-402f-ab21-63586ac781cd",,,,,,,,"Patricio Cuesta","Surface Pro 7","US103653","Miguel Fernandez","Complete","On Bench - Imaged ","Bench",,,"/pcinventory-1/us103653","/pcinventory-1/",,,,,,,,,,,
"50c2b19b-08ca-4570-b2a1-a8dbd5a1d57d",2021-10-15T16:15:36Z,2021-10-15T16:15:36Z,"bde3410e-33bb-402f-ab21-63586ac781cd",,,,,,,"US&CA demand planning (Used us103348 for another user)","George Cruz","Lenovo T480s","US103425","Trevonne Gordon","Complete",,,,,"/pcinventory-1/us103425","/pcinventory-1/",,,,,,,,,,,
"5128c9ce-3dec-4191-823f-4514d7d12380",2021-10-15T16:15:37Z,2021-10-15T16:15:37Z,"bde3410e-33bb-402f-ab21-63586ac781cd",,,2020-01-24T05:00:00Z,2020-04-03T04:00:00Z,"49845","52294",,,"Lenovo ThinkPad T490/dock ","US103588","Nancy Klug Dept. 710","Complete","Completed",,,,"/pcinventory-1/us103588","/pcinventory-1/",,,,,,,,,,"PF1W8CE",
"513e48e1-bac1-4c63-a986-dff8f6ab78a1",2021-10-15T16:15:36Z,2021-10-15T16:15:36Z,"bde3410e-33bb-402f-ab21-63586ac781cd",,,,,,,,"Kelley Amey ","Lenovo Yoga 380","US103453","Michelle Montano","Complete","On bench - Imaged",,,,"/pcinventory-1/us103453","/pcinventory-1/",,,,,,,,,,,
"51a94b8f-12b8-48ba-a987-e8ab22e8c9de",2021-10-15T16:15:37Z,2021-10-15T16:15:37Z,"bde3410e-33bb-402f-ab21-63586ac781cd",,,,,,,"Laura Longacre","Scott Childs","Lenovo T490","US103655","Sharon McConnell","Complete","On bench - Imaged",,,,"/pcinventory-1/us103655","/pcinventory-1/",,"Accounting ",,,,,,,,,
"51c8ca87-8e51-4d91-bad6-81890c915fbe",2021-10-15T16:15:37Z,2021-10-15T16:15:37Z,"bde3410e-33bb-402f-ab21-63586ac781cd",,,2020-01-21T05:00:00Z,2020-03-13T04:00:00Z,"49782","47376",,,"Lenovo ThinkPad T490/dock ","US103606","Derek Swanson - Dept 710 ","Complete","Completed",,,,"/pcinventory-1/us103606","/pcinventory-1/",,,,,,,,,,"PF1X6QRK",
"51e22979-91a0-41fa-b0f3-87c7be7de9d0",2021-10-15T16:15:37Z,2021-10-15T16:15:37Z,"bde3410e-33bb-402f-ab21-63586ac781cd",,,2020-01-24T05:00:00Z,2020-04-03T04:00:00Z,"49819","62862",,,"Lenovo ThinkPad T490/dock ","US103583","Lilian Garcia Dept. 086","Complete","deployed and purchased ",,,,"/pcinventory-1/us103583","/pcinventory-1/",,,,,,,,,,"SPF1W8CMH",
"53f0134f-40ae-4c62-a719-13a30167099c",2021-10-15T16:15:38Z,2021-11-03T16:06:47Z,"bde3410e-33bb-402f-ab21-63586ac781cd",,,,,,,,"New","Lenovo T490","US103713","Antonio Morayta","Complete","On Bench - Imaged",,,,"/pcinventory-1/us103713","/pcinventory-1/",,,,,,,,,,,
"54087610-e3fa-4af9-9166-6d26922e737d",2021-10-15T16:15:38Z,2021-10-15T16:15:38Z,"bde3410e-33bb-402f-ab21-63586ac781cd",,,,,,,,"New ","Lenovo T490","US103728","Juliana Seraphim","In Progress","On bench - Imaged",,,,"/pcinventory-1/us103728","/pcinventory-1/",,,,,,,,,,,
"546b8952-2269-4352-bfdd-087d0cf74ffa",2021-10-15T16:15:35Z,2021-10-15T16:15:35Z,"bde3410e-33bb-402f-ab21-63586ac781cd",,,,,,,,"Glenna Peters","Lenovo T470s","US103245","Kelly Lacen","Complete","On bench - Imaging","Bench",,,"/pcinventory-1/us103245","/pcinventory-1/",,,,,,,,,,,
"54da5b21-ecf4-4520-a52a-b799e37b9bb6",2021-10-15T16:15:34Z,2021-10-15T16:15:34Z,"bde3410e-33bb-402f-ab21-63586ac781cd",,,,,,,,,"Lenovo T460","US103116","Jessica Calderon","Complete","will replace 2 machines, US103164 and US102126, needs avaya call apps- Completed",,,,"/pcinventory-1/us103116","/pcinventory-1/",,,,,,,,,,,
"5604c418-7082-4717-808a-8f5ba5c42bb5",2021-10-15T16:15:37Z,2021-10-15T16:15:37Z,"bde3410e-33bb-402f-ab21-63586ac781cd",,,,,,,"Global marketing ","Sandy Sosa","Lenovo T490","US103629",,"Data backed up",,,,,"/pcinventory-1/us103629","/pcinventory-1/",,,,,,,,,,,
"5680b129-6399-4389-8ee7-1f1a03809a36",2021-10-15T16:15:36Z,2021-10-15T16:15:36Z,"bde3410e-33bb-402f-ab21-63586ac781cd",,,,,,,,,"Lenovo T480S","US103445","Manny Otero","Complete","On Bench - Completed",,,,"/pcinventory-1/us103445","/pcinventory-1/",,,,,,,,,,,
"568cce81-b3c5-4587-b051-dda4a28d2383",2021-10-15T16:15:35Z,2021-10-15T16:15:35Z,"bde3410e-33bb-402f-ab21-63586ac781cd",,,,,,,,,"Lenovo T470","US103284","Jessica Felix","Complete","Replace US102974 - On Bench- Reached out to user- User replied(Dan) Completed",,,,"/pcinventory-1/us103284","/pcinventory-1/",,,,,,,,,,,
"56e091eb-ca8b-478e-a536-5eacb046c959",2021-10-15T16:15:38Z,2021-10-15T16:15:38Z,"bde3410e-33bb-402f-ab21-63586ac781cd",,,,,,,,"Cherisse Stover","Lenovo Yoga 380 ","US103679","Tanya Edwards","Complete","on bench - Imaged",,,,"/pcinventory-1/us103679","/pcinventory-1/",,,,,,,,,,,
"594ef9d1-35bb-46ae-88a8-0ae3f8f6c065",2021-10-15T16:15:38Z,2021-10-15T16:15:38Z,"bde3410e-33bb-402f-ab21-63586ac781cd",,,,,,,,"New ","Lenovo T490 ","US103706","Cheryl Murphy","Complete","On Bench - Imaged ",,,,"/pcinventory-1/us103706","/pcinventory-1/",,,,,,,,,,,
"59a0e702-5072-440e-b573-a8a1244cb1c5",2021-10-15T16:15:38Z,2021-10-15T16:15:38Z,"bde3410e-33bb-402f-ab21-63586ac781cd",,,,,,,,"New","Lenovo T490","US103695","Elias Castaneda","Complete","On Bench - Imaged",,,,"/pcinventory-1/us103695","/pcinventory-1/",,,,,,,,,,,
"5a3e613d-81e4-4c24-b6af-35d88a3c641c",2021-10-15T16:15:35Z,2021-10-15T16:15:35Z,"bde3410e-33bb-402f-ab21-63586ac781cd",,,,,,,,,"Lenovo T470","US103222","Austin Goldstein","Complete","On bench - Completed",,,,"/pcinventory-1/us103222","/pcinventory-1/",,,,,,,,,,,
"5b54e498-7991-4a23-9cc7-feb4fe2636f6",2021-10-15T16:15:38Z,2021-10-15T16:15:38Z,"bde3410e-33bb-402f-ab21-63586ac781cd",,,,,,,,"New","lenovo T490","US103692","Kristi Lane","Complete","On Bench - Imaged",,,,"/pcinventory-1/us103692","/pcinventory-1/",,,,,,,,,,,
"5b660f7a-2240-4629-a689-d4c8107af5d9",2021-10-15T16:15:38Z,2021-10-15T16:15:38Z,"bde3410e-33bb-402f-ab21-63586ac781cd",2021-10-04T04:00:00Z,,,,,,,"New ","Lenovo T490","US103724","Alex Villegas","Complete",,,,,"/pcinventory-1/us103724","/pcinventory-1/",,,,,,,,,,,
"5c1d9ff6-072e-4306-9b67-2190e715cd59",2021-10-15T16:15:37Z,2021-10-15T16:15:37Z,"bde3410e-33bb-402f-ab21-63586ac781cd",,"Drop off",,,,,,"New ","Lenovo T490","US103647","Kathy Payne","Complete","On Bench - Imaged, updated ready for user.",,,,"/pcinventory-1/us103647","/pcinventory-1/",,,,,,,,,,,
"5e620a5a-3e33-46d0-9d7b-bb39d4daab26",2021-10-15T16:15:37Z,2021-10-15T16:15:37Z,"bde3410e-33bb-402f-ab21-63586ac781cd",,,,,,,,,"Lenovo T490","US103585","Robert Flohr","Complete","On bench - imaged- Profile created, awaiting software",,,,"/pcinventory-1/us103585","/pcinventory-1/",,,,,,,,,,"PF1W8CP5",
"6246c5e5-d727-4293-9aa6-12474bfe9ada",2021-10-15T16:15:38Z,2021-10-15T16:15:38Z,"bde3410e-33bb-402f-ab21-63586ac781cd",2021-07-06T04:00:00Z,,,,,,,"New","Lenovo T490","US103684","Suzanne Catanzaro","Complete","On Bench - Imaged",,,,"/pcinventory-1/us103684","/pcinventory-1/",,,,,,,,,,,
"629a859e-ce53-4f57-9594-81c9b6d1e9f7",2021-10-15T16:15:38Z,2021-10-15T16:15:38Z,"bde3410e-33bb-402f-ab21-63586ac781cd",,,,,,,,"New ","Lenovo T490","US103704","David Casey","Complete","On Bench - Imaged",,,,"/pcinventory-1/us103704","/pcinventory-1/",,,,,,,,,,,
"6307ae62-0437-4900-9d76-d5a63dbe5b7a",2021-10-15T16:15:37Z,2021-10-15T16:15:37Z,"bde3410e-33bb-402f-ab21-63586ac781cd",,,,,,,,"Janet D Anjou","Lenovo T490","US103639","Caitlin Hanneman","Complete","On Bench - Imaged",,,,"/pcinventory-1/us103639","/pcinventory-1/",,,,,,,,,,,
"66d6ca5a-a279-4864-9692-33180af65d39",2021-10-15T16:15:37Z,2021-10-15T16:15:37Z,"bde3410e-33bb-402f-ab21-63586ac781cd",2020-10-26T00:00:00Z,"Ship",,,,,,"New ","Lenovo T490","US103639","Janet D'Anjou","Complete","On Bench - Updated, DA, Sophos. Ready for a user- Ready to go barring any specific user software",,,,"/pcinventory-1/us103639","/pcinventory-1/",,"2 monitors, Dock, Wireless Keyboard and Mouse",,,,,,,,,
"6713b227-21c8-4cfb-b967-fcffef880001",2021-10-15T16:15:36Z,2021-10-15T16:15:36Z,"bde3410e-33bb-402f-ab21-63586ac781cd",2020-10-29T00:00:00Z,"Pick up",,,,,,"Elizabeth nelson","Lenovo M910q","US103349","Julissa Espinoza","Complete","On bench - Imaging",,,,"/pcinventory-1/us103349","/pcinventory-1/",,"2 new monitors",,,,,,,,,
"67e5d971-f15a-4cbe-b3e5-ce6e3cb073b8",2021-10-15T16:15:37Z,2021-10-15T16:15:37Z,"bde3410e-33bb-402f-ab21-63586ac781cd",2021-04-05T04:00:00Z,,,,,,,"New","Lenovo T490","US103665","Jennifer Page","Complete ","On Bench - Imaged","Bench",,,"/pcinventory-1/us103665","/pcinventory-1/",,"charged ",,,,,,,,,
"6826e9c1-d6cf-4556-be9c-5c89ac4b2657",2021-10-15T16:15:37Z,2021-10-15T16:15:37Z,"bde3410e-33bb-402f-ab21-63586ac781cd",,,,,,,,,"Lenovo T490","US103541","Jennifer Sepulveda","Complete","Replace US102973 - on bench - Reached out to user (Ryan) - Target date 7/24 at 3pm complete",,,,"/pcinventory-1/us103541","/pcinventory-1/",,,,,,,,,,,
"6845bc8c-cc97-4e0a-a07e-5a96349207d1",2021-10-15T16:15:37Z,2021-10-15T16:15:37Z,"bde3410e-33bb-402f-ab21-63586ac781cd",,,,,,,"Global Purchasing ","Cole Thompson","Lenova Yoga X390","US103593",,"In Progress","On bench - Imaged",,,,"/pcinventory-1/us103593","/pcinventory-1/",,,,,,,,,2021-04-01T04:00:00Z,,
"68e81181-44de-41ac-8f69-e4ae2fef41cb",2021-10-15T16:15:38Z,2021-10-15T16:15:38Z,"bde3410e-33bb-402f-ab21-63586ac781cd",,,,,,,,"New","Lenovo T490","US103687","Franco Muto","Complete","On Bench - Imaged",,,,"/pcinventory-1/us103687","/pcinventory-1/",,,,,,,,,,,
"69d383e1-125b-4a51-9952-5e6e16d84720",2021-10-15T16:15:37Z,2021-10-15T16:15:37Z,"bde3410e-33bb-402f-ab21-63586ac781cd",,,2020-01-21T05:00:00Z,2020-03-13T04:00:00Z,"49782","47376",,,"Lenovo ThinkPad T490/dock ","US103605","Selvi Rangasamy-WW Finance","Complete","User has a T480 ",,,,"/pcinventory-1/us103605","/pcinventory-1/",,,,,,,,,,"PF1VTX0Y",
"69e9f439-41f7-4a1f-b659-5a8aec941c32",2021-10-15T16:15:36Z,2021-10-15T16:15:36Z,"bde3410e-33bb-402f-ab21-63586ac781cd",,,,,,,,"Allie Smallwood","Lenovo Yoga 380","US103352","Milena Replacement Laptop","Complete","On Bench - Updated and basic softare installed. Awaiting specific software. Profile created, adobe software & memoq installed.  Shipped",,,,"/pcinventory-1/us103352","/pcinventory-1/",,,,,,,,,,,
"6c91e3df-549b-4ba4-8f49-32fabcc331af",2021-10-15T16:15:35Z,2021-10-15T16:15:35Z,"bde3410e-33bb-402f-ab21-63586ac781cd",,,,,,,,"Evelyne Kres","Lenovo T470s","US103276","Therese DeBruno ","Complete","In Laval so we can remote in - Updated, profile created, Guy shipping.  IT Onboarding complete (Mike)",,,,"/pcinventory-1/us103276","/pcinventory-1/",,,,,,,,,,,
"6ecaa2af-fec2-43c9-81cf-ba752cd28577",2021-10-15T16:15:35Z,2021-11-03T16:06:35Z,"bde3410e-33bb-402f-ab21-63586ac781cd",,,,,,,,"Jaclyn Gard ","Lenovo T480s","US103302","Arun Thiyagarajan (WiPro)","Complete","On Bench - Imaged",,,,"/pcinventory-1/us103302","/pcinventory-1/",,,,,,,,,,,
"6ecd3301-3ba1-444a-9345-b6cbb9d31330",2021-10-15T16:15:37Z,2021-10-15T16:15:37Z,"bde3410e-33bb-402f-ab21-63586ac781cd",,,,,,,,"New","Lenovo T490","US103667","Raj Sinha","Complete ","On Bench - Imaged","Bench",,,"/pcinventory-1/us103667","/pcinventory-1/",,"charged ",,,,,,,,,
"6f92aa03-0eac-40bc-a2f9-50601978df77",2021-10-15T16:15:36Z,2021-10-15T16:15:36Z,"bde3410e-33bb-402f-ab21-63586ac781cd",,,,,,,,,"Lenovo T480S","US103429","Judi Hildenbrand","Complete","On Bench- Ready  - Completed",,,,"/pcinventory-1/us103429","/pcinventory-1/",,,,,,,,,,,
"6fa2c682-de0d-4e95-af40-1cd5ec7ca682",2021-10-15T16:15:38Z,2021-10-15T16:15:38Z,"bde3410e-33bb-402f-ab21-63586ac781cd",,,,,,,"Was John P laptop","New","Lenovo T490","US103697","Irina Radev","Complete","On Bench - Imaged","Profile created. Just waiting for phone",,,"/pcinventory-1/us103697","/pcinventory-1/",,,,,,,,,,,
"6fa6be5d-a2a6-4b0b-8daa-746f75edf51c",2021-10-15T16:15:38Z,2021-10-15T16:15:38Z,"bde3410e-33bb-402f-ab21-63586ac781cd",,,,,,,"80","New ","Lenovo T490","US103727","Jessica Morel","Complete",,,,,"/pcinventory-1/us103727","/pcinventory-1/",,,,,,,,,,,
"6fda264b-e204-4c2c-b598-d08c3298f8cc",2021-10-15T16:15:37Z,2021-10-15T16:15:37Z,"bde3410e-33bb-402f-ab21-63586ac781cd",,,,,,,,,"Lenovo Yoga 390","US103595","Daniel Wacker","Complete","On Bench - Updated, profile created, awaiting software - Shipped",,,,"/pcinventory-1/us103595","/pcinventory-1/",,,,,,,,,,,
"70da09a5-2e2d-4240-bfe1-d000062c64dc",2021-10-15T16:15:38Z,2021-10-15T16:15:38Z,"bde3410e-33bb-402f-ab21-63586ac781cd",,,,,,,,"New","Lenovo T490","US103693","Mark Ramdial","Complete","On Bench - Imaged",,,,"/pcinventory-1/us103693","/pcinventory-1/",,,,,,,,,,,
"71526450-7097-48bf-b5a6-ed3edb6d2266",2021-10-15T16:15:37Z,2021-10-15T16:15:37Z,"bde3410e-33bb-402f-ab21-63586ac781cd",,,2020-01-21T05:00:00Z,2020-03-13T04:00:00Z,"49782","47376",,,"Lenovo ThinkPad T490/dock ","US103609","Don Martel-WW Finance","Complete","Completed",,,,"/pcinventory-1/us103609","/pcinventory-1/",,,,,,,,,,"PF1X6C16",
"71d5ba2b-9cbc-4c70-9da6-f6c33948a725",2021-10-15T16:15:35Z,2021-10-15T16:15:35Z,"bde3410e-33bb-402f-ab21-63586ac781cd",2021-02-02T05:00:00Z,"2/2/2021",,,,,,"Umesh","Lenovo Yoga 370","US103228","Shivangi Patel","Complete","On Bench - Imaging, updated, software installed, profile create.  Ready to deliver","Bench",,,"/pcinventory-1/us103228","/pcinventory-1/",,,,,,,,,,,
"720e05af-9e4a-4411-b9b0-88824ef07eec",2021-10-15T16:15:34Z,2021-10-15T16:15:34Z,"bde3410e-33bb-402f-ab21-63586ac781cd",,,,,,,,,"Lenovo T460s","US103105","Angela Haber ","Complete","On Bench - updating  - Completed",,,,"/pcinventory-1/us103105","/pcinventory-1/",,,,,,,,,,,
"7247d442-8533-414f-a27b-305095e61d20",2021-10-15T16:15:37Z,2021-10-15T16:15:37Z,"bde3410e-33bb-402f-ab21-63586ac781cd",,,,,,,,,"Lenovo T490","US103546","Michael Yoh","Complete","On bench - Complete and shipped",,,,"/pcinventory-1/us103546","/pcinventory-1/",,,,,,,,,,,
"739e342b-d7e2-4450-98b8-2529b9e76d6e",2021-10-15T16:15:37Z,2021-10-15T16:16:40Z,"bde3410e-33bb-402f-ab21-63586ac781cd",,,,,,,"HR","David Harper","Lenovo T490","US103584",,"w Michael Gregg",,,,,"/pcinventory-1/us103584","/pcinventory-1/",,,,,,,,,2020-06-21T04:00:00Z,,
"75aac459-7701-4e9a-a848-41ef3396265f",2021-10-15T16:15:34Z,2021-10-15T16:15:34Z,"bde3410e-33bb-402f-ab21-63586ac781cd",2020-11-09T05:00:00Z,"Ship",,,,,,"Patrick Gibson","Macbook Pro","US102695","Vivian Aquino","Complete","Reloaded, profile created, ready to ship",,,,"/pcinventory-1/us102695","/pcinventory-1/",,,,,,,,,,,
"761cfbbe-dcbd-44f8-8913-24eb85eecb6a",2021-10-15T16:15:37Z,2021-10-15T16:15:37Z,"bde3410e-33bb-402f-ab21-63586ac781cd",,,,,,,,"Glenna Peters","Lenovo T490","US103640","Nishant Sasidharan","Complete","On Bench - Imaged","Server RM Bench",,,"/pcinventory-1/us103640","/pcinventory-1/",,,,,,,,,,,
"77463937-b9d0-489f-81bd-286dc37111e9",2021-10-15T16:15:34Z,2021-10-15T16:15:34Z,"bde3410e-33bb-402f-ab21-63586ac781cd",,,,,,,,"Chelsea ","HP 9480","US102986","Alexi Perez (UAP040)","Complete","On bench- ready for new operator- Complete",,,,"/pcinventory-1/us102986","/pcinventory-1/",,,,,,,,,,,
"7a71f4c2-75ca-4c7c-a808-ea14a24677ee",2021-10-15T16:15:34Z,2021-10-15T16:15:34Z,"bde3410e-33bb-402f-ab21-63586ac781cd",,,,,,,,"Linda Lappano","Lenovo T460s","US103110",,"in Progress","On Bench - Imaged",,,,"/pcinventory-1/us103110","/pcinventory-1/",,,,,,,,,,,
"7a727cde-68b0-445c-b1a1-9c2b26334f73",2021-10-15T16:15:36Z,2021-10-15T16:15:36Z,"bde3410e-33bb-402f-ab21-63586ac781cd",2021-02-16T05:00:00Z,,,,,,,"Donna Walls","Lenovo T480s","US103422","Andre Torres","Complete","On Bench - Imaged, profile created ready to deploy","Server RM Bench",,,"/pcinventory-1/us103422","/pcinventory-1/",,,,,,,,,,,
"7ca9dea1-6e5b-427b-9c2a-6365c433863e",2021-10-15T16:15:34Z,2021-10-15T16:15:34Z,"bde3410e-33bb-402f-ab21-63586ac781cd",,,,,,,,,"Lenovo T460s","US103147","Greg Fagan","Complete","On bench- Imaged - updated, user testing - Completed",,,,"/pcinventory-1/us103147","/pcinventory-1/",,,,,,,,,,,
"7ceafe14-1187-4d9d-ac2c-47ae45ad2a47",2021-10-15T16:15:37Z,2021-10-15T16:15:37Z,"bde3410e-33bb-402f-ab21-63586ac781cd",,,2020-01-24T05:00:00Z,2020-02-21T05:00:00Z,"49816","52289",,,"Lenovo ThinkPad T490/dock ","US103576","Diana Lazo Dept. 799","Complete","already deployed ",,,,"/pcinventory-1/us103576","/pcinventory-1/",,,,,,,,,,"MJ0A2YXV",
"7d0bf6da-2bf9-4b71-9ae5-bbf309ae08e0",2021-10-15T16:15:37Z,2021-10-15T16:15:37Z,"bde3410e-33bb-402f-ab21-63586ac781cd",,,,,,,"Accounting 777","Shannon Talley","Lenovo T490","US103542","Patricia Demay","Complete","On bench - Imaged","Server RM Bench",,,"/pcinventory-1/us103542","/pcinventory-1/",,"Accounting",,,,,,,,,
"7d2d3961-5f8b-469f-a862-2ede1e4fcfcb",2021-10-15T16:15:38Z,2021-10-15T16:15:38Z,"bde3410e-33bb-402f-ab21-63586ac781cd",2021-06-28T04:00:00Z,,,,,,,"New","Lenovo T490","US103685","Leonardo Enrico Bellodi","Complete","On Bench - Imaged",,,,"/pcinventory-1/us103685","/pcinventory-1/",,,,,,,,,,,
"7dcfce14-308f-457f-a319-9c27e766493e",2021-10-15T16:15:36Z,2021-10-15T16:15:36Z,"bde3410e-33bb-402f-ab21-63586ac781cd",,,,,,,,,"Lenovo M920","US103450","Christie Baez","Complete","On Bench - updated, pushed software, installed cisco and sophos.",,,,"/pcinventory-1/us103450","/pcinventory-1/",,,,,,,,,,,
"7fec1759-d65a-4d36-8857-d72ed53b6b90",2021-10-15T16:15:36Z,2021-10-15T16:15:36Z,"bde3410e-33bb-402f-ab21-63586ac781cd",2021-07-26T04:00:00Z,,,,,,,"Mary An Kohler","Lenovo Yoga 380","US103336","Rajai Rahaman","Complete","On Bench - Imaged",,,,"/pcinventory-1/us103336","/pcinventory-1/",,,,,,,,,,,
"80cd2925-122b-4b29-8205-e1caaa7fa115",2021-10-15T16:15:35Z,2021-10-15T16:15:35Z,"bde3410e-33bb-402f-ab21-63586ac781cd",,"Pick up",,,,,,"Michael Gregg","Lenovo P51S","US103216","Tyler Booth","Complete ","On bench - Cisco Updated, DA, Sophos. Updated",,,,"/pcinventory-1/us103216","/pcinventory-1/",,,,,,,,,,,
"80f302bd-db44-4456-9a24-45720504dcec",2021-10-15T16:15:37Z,2021-11-03T16:07:17Z,"bde3410e-33bb-402f-ab21-63586ac781cd",,,,,,,,"New","Surface Pro 7","US103653","Patricio Cuesta","Complete","On Bench - Imaging","bench",,,"/pcinventory-1/us103653","/pcinventory-1/",,,,,,,,,,,
"8209322e-acd9-4430-b71d-510bec953197",2021-10-15T16:15:36Z,2021-10-15T16:15:36Z,"bde3410e-33bb-402f-ab21-63586ac781cd",,,,,,,"WW Finance to HR","Asif Minhas","Lenovo Yoga 380","US103390","Jazmine Ottley","Complete",,,,,"/pcinventory-1/us103390","/pcinventory-1/",,,,,,,,,,,
"8276b385-14c9-4bdb-8d87-fd020100f5ca",2021-10-15T16:15:37Z,2021-10-15T16:15:37Z,"bde3410e-33bb-402f-ab21-63586ac781cd",,,,,,,,"New","Lenovo T490","US103649","Viren Ohol","Complete","On Bench - Completed",,,,"/pcinventory-1/us103649","/pcinventory-1/",,,,,,,,,,,
"8371654a-6ef8-472d-9863-2301135ac91c",2021-10-15T16:15:37Z,2021-10-15T16:15:37Z,"bde3410e-33bb-402f-ab21-63586ac781cd",,,,,,,,,"Microsoft Surface laptop","US103636","Sandra Harris","Complete","on bench -  Ready - Scheduled for Wednesday at noon (Ryan) - Completed",,,,"/pcinventory-1/us103636","/pcinventory-1/",,,,,,,,,,,
"844fabce-6d67-4b2e-94b0-aba469059c4e",2021-10-15T16:15:37Z,2021-10-15T16:15:37Z,"bde3410e-33bb-402f-ab21-63586ac781cd",,,,,,,,,"Lenovo T490","US103542","Shannon Talley","Complete","On bench-Ready-Completed",,,,"/pcinventory-1/us103542","/pcinventory-1/",,,,,,,,,,,
"8564445e-1f56-48ad-8e7d-a360f73dceff",2021-10-15T16:15:37Z,2021-10-15T16:15:37Z,"bde3410e-33bb-402f-ab21-63586ac781cd",,,2020-01-24T05:00:00Z,2020-04-03T04:00:00Z,"49819","62862",,,"Lenovo ThinkPad T490/dock ","US103584","David Harper Dept. 086","Complete","In Progress, emailed user. Complete",,,,"/pcinventory-1/us103584","/pcinventory-1/",,,,,,,,,,"SPF1W8CNJ",
"85b4a54a-2e02-4e25-9ef1-b2f5bfc8b362",2021-10-15T16:15:36Z,2021-10-15T16:15:36Z,"bde3410e-33bb-402f-ab21-63586ac781cd",2021-09-20T04:00:00Z,,,,,,"IDT 193","Tom Messer","Lenovo Yoga 380","US103437","Rama Linga","Complete","On Bench - Imaged",,,,"/pcinventory-1/us103437","/pcinventory-1/",,,,,,,,,,,
"8601bffc-7cb4-4a98-9ac3-b9086bc5df93",2021-10-15T16:15:36Z,2021-10-15T16:15:36Z,"bde3410e-33bb-402f-ab21-63586ac781cd",,,,,,,,"Kim Bauman","Lenovo Yoga 380 ","US103371","Daniela Hazen","Complete","On Bench - Imaged",,,,"/pcinventory-1/us103371","/pcinventory-1/",,,,,,,,,,,
"88e3f55c-3c5a-4d3d-beb0-0acc6c80f0e8",2021-10-15T16:15:36Z,2021-10-15T16:15:36Z,"bde3410e-33bb-402f-ab21-63586ac781cd",,,,,,,,"Merielle Molina","Lenovo T480","US103352","Beaura Yi","Complete","On Bench - Imaged",,,,"/pcinventory-1/us103352","/pcinventory-1/",,,,,,,,,,,
"897e09ab-fd4a-48c5-ab52-166fac87f9cb",2021-10-15T16:15:35Z,2021-10-15T16:15:35Z,"bde3410e-33bb-402f-ab21-63586ac781cd",,,,,,,,"Milena Corrigan","Lenovo T480s","US103303","Shivangi Patel","Complete","On Bench - Imaged ","Server RM Bench",,,"/pcinventory-1/us103303","/pcinventory-1/",,,,,,,,,,,
"89f4c3f6-a06f-43b4-a768-6c2c6767e6a0",2021-10-15T16:15:38Z,2021-10-15T16:15:38Z,"bde3410e-33bb-402f-ab21-63586ac781cd",,,,,,,,"New","Lenovo T490","US103711","Natasha MacDonald","Complete","On Bench - Imaged",,,,"/pcinventory-1/us103711","/pcinventory-1/",,,,,,,,,,,
"8a17188a-342a-44d3-b651-2028c3d24e46",2021-10-15T16:15:36Z,2021-10-15T16:15:36Z,"bde3410e-33bb-402f-ab21-63586ac781cd",,"Ship ",,,,,,"Wanhong Zhao","Lenovo Yoga 380","US103452","Jennifer Appling","Complete","On Bench - Imaged ","Server RM Bench",,,"/pcinventory-1/us103452","/pcinventory-1/",,,,,,,,,,,
"8a35ece1-8ef6-4646-95b6-85ac4f903906",2021-10-15T16:15:34Z,2021-10-15T16:15:34Z,"bde3410e-33bb-402f-ab21-63586ac781cd",,,,,,,,,"Mac","US102845","Bianca Harris","Complete","Pending Jody confirmation - Completed",,,,"/pcinventory-1/us102845","/pcinventory-1/",,,,,,,,,,,
"8af062f8-5b2e-47c7-8723-83e83c4f2b0d",2021-10-15T16:15:34Z,2021-10-15T16:15:34Z,"bde3410e-33bb-402f-ab21-63586ac781cd",,,,,,,,,"Lenovo M900","US103109","Beaura Yi","Complete","On Bench- Emailed user (Ryan)",,,,"/pcinventory-1/us103109","/pcinventory-1/",,,,,,,,,,,
"8bdbf248-9800-4fc2-b5f7-a140522a5fc7",2021-10-15T16:15:37Z,2021-10-15T16:15:37Z,"bde3410e-33bb-402f-ab21-63586ac781cd",,,,,,,,"Miguel Fernandez","Surface Pro 7 ","US103633","Victor Loaner","Complete","On Bench - Imaged",,,,"/pcinventory-1/us103633","/pcinventory-1/",,,,,,,,,,,
"8d203d5b-102d-4df4-b294-79b69238400b",2021-10-15T16:15:35Z,2021-11-03T16:06:57Z,"bde3410e-33bb-402f-ab21-63586ac781cd",,,,,,,,"Hannah Ausen","Lenovo Yoga 370","US103200","Abishek ray Chaudhuri","Complete","On Bench - Imaged",,,,"/pcinventory-1/us103200","/pcinventory-1/",,,,,,,,,,,
"8dd1d685-c0ee-4c34-a908-7a9ec72eca27",2021-10-15T16:15:34Z,2021-10-15T16:15:34Z,"bde3410e-33bb-402f-ab21-63586ac781cd",,,,,,,,,"Lenovo Carbon X1","US103145","Maggie Cavalenes","Complete","On Bench - Profile created. Teams,Onedrive,Email are all good",,,,"/pcinventory-1/us103145","/pcinventory-1/",,,,,,,,,,,
"8e08d1cc-d3c2-4d1d-84bc-4669b24e44ca",2021-10-15T16:15:35Z,2021-10-15T16:15:35Z,"bde3410e-33bb-402f-ab21-63586ac781cd",,,,,,,,"Monica Riley","Lenovo Yoga 370","US103275","Kitty ","Complete","On Bench - DA, Sophos, Updating",,,,"/pcinventory-1/us103275","/pcinventory-1/",,,,,,,,,,,
"8e2ff986-fff8-41ad-9b8f-c2dd17112990",2021-10-15T16:15:35Z,2021-10-15T16:15:35Z,"bde3410e-33bb-402f-ab21-63586ac781cd",,,,,,,,,"Lenovo Yoga 370 ","US103218","Raquel Velez ","Complete","On Bench - Basic software installed , outlook set up complete",,,,"/pcinventory-1/us103218","/pcinventory-1/",,,,,,,,,,,
"8eb714e0-d99e-4f4c-b42a-aee70c77a850",2021-10-15T16:15:35Z,2021-10-15T16:15:35Z,"bde3410e-33bb-402f-ab21-63586ac781cd",,,,,,,,,"Macbook Pro 13""","US103279","W.Rodriguez","Complete","Completed",,,,"/pcinventory-1/us103279","/pcinventory-1/",,,,,,,,,,,
"8ede200f-d381-41e9-8db0-f4b24e725805",2021-10-15T16:15:38Z,2021-11-03T16:07:26Z,"bde3410e-33bb-402f-ab21-63586ac781cd",,,,,,,,"New ","Lenovo T490","US103699","Joyce Ginyard","Complete","On Bench - Imaged",,,,"/pcinventory-1/us103699","/pcinventory-1/",,,,,,,,,,,
"91c76516-c44f-429f-bd58-3e7a1ec77412",2021-10-15T16:15:36Z,2021-10-15T16:15:36Z,"bde3410e-33bb-402f-ab21-63586ac781cd",,,,,,,,,"Lenovo Yoga380","US103410","Kaarin Johnson","Complete","On Bench - Working on setup(Dan) Complete and sent",,,,"/pcinventory-1/us103410","/pcinventory-1/",,,,,,,,,,,
"91d9f609-7a3b-45ad-a9bd-26791a86c359",2021-10-15T16:15:37Z,2021-10-15T16:15:37Z,"bde3410e-33bb-402f-ab21-63586ac781cd",2021-01-25T05:00:00Z,"Pickup",,,,,,"New","Lenovo T490","US103655","Scott Childs","Complete","On Bench - Ready to ship","Server Room",,,"/pcinventory-1/us103655","/pcinventory-1/",,"charged",,,,,,,,,
"9247c3c5-4168-45dd-b33b-ddf5dd804cb9",2021-10-15T16:15:34Z,2021-10-15T16:15:34Z,"bde3410e-33bb-402f-ab21-63586ac781cd",,,,,,,,"Chiara Deleonibus","Lenovo Yoga 370","US103183","Vignesh Nehru","Complete","On Bench - Imaged",,,,"/pcinventory-1/us103183","/pcinventory-1/",,,,,,,,,,,
"9540cdfd-0627-4bc2-9056-59160148812e",2021-10-15T16:15:37Z,2021-10-15T16:15:37Z,"bde3410e-33bb-402f-ab21-63586ac781cd",2021-04-05T04:00:00Z,"Ship ",,,,,,"New","Lenovo T490","US103663","Grant Essenmacher","Complete ","On Bench - Imaged ","Server RM Bench",,,"/pcinventory-1/us103663","/pcinventory-1/",,"charged ",,,,,,,,,
"961eaafc-8f67-4501-8e92-ce43c7da144c",2021-10-15T16:15:36Z,2021-11-03T16:07:10Z,"bde3410e-33bb-402f-ab21-63586ac781cd",,,,,,,"WW Legal","Jill Easton","Lenovo Yoga 380","US103348","Monica Salazar","Complete","On Bench - Imaged",,,,"/pcinventory-1/us103348","/pcinventory-1/",,,,,,,,,,,
"966171c3-e6c5-401e-b366-e0d85103c71b",2021-10-15T16:15:37Z,2021-10-15T16:15:37Z,"bde3410e-33bb-402f-ab21-63586ac781cd",2020-12-14T00:00:00Z,"Ship ",,,,,,"New","Lenovo T490 ","US103557","Helen Pu","Complete","Imaged, extra ram, user profile created, ready to ship.",,,,"/pcinventory-1/us103557","/pcinventory-1/",,"2 monitors & dock",,,,,,,,,
"96bce618-4d4e-4696-a635-6fcc84cfde70",2021-10-15T16:15:37Z,2021-10-15T16:15:37Z,"bde3410e-33bb-402f-ab21-63586ac781cd",2020-11-30T00:00:00Z,"ship ",,,,,,"New ","Lenovo T490","US103645","Ildiko Kiss","Complete","On Bench - Imaged, updated ready for user. Profile created, ready to ship",,,,"/pcinventory-1/us103645","/pcinventory-1/",,"2 monitors & dock",,,,,,,,,
"97266315-be99-4aa9-ae8f-971c6522dd05",2021-10-15T16:15:37Z,2021-10-15T16:15:37Z,"bde3410e-33bb-402f-ab21-63586ac781cd",,,,,,,"HR","Simon Choy","Lenovo T490","US103580","Sol Trejo","Complete",,,,,"/pcinventory-1/us103580","/pcinventory-1/",,,,,,,,,,,
"97327e25-b4c2-4388-9432-24de13b9f7cf",2021-10-15T16:15:35Z,2021-10-15T16:15:35Z,"bde3410e-33bb-402f-ab21-63586ac781cd",,,,,,,,"Michael Gregg","Lenovo Yoga 370","US103273","Kitty ","Complete","On Bench - updated",,,,"/pcinventory-1/us103273","/pcinventory-1/",,,,,,,,,,,
"98670a47-649e-4dfa-8d7f-2e89b0b4f610",2021-10-15T16:15:35Z,2021-10-15T16:15:35Z,"bde3410e-33bb-402f-ab21-63586ac781cd",,,,,,,,"Justin Cargill","Lenovo T470s","US103246","Joan Rodriguez Loaner","Complete","On bench - Imaged ","Server RM Bench",,,"/pcinventory-1/us103246","/pcinventory-1/",,"charged",,,,,,,,,
"9ad1d917-b4ed-4801-93d3-bb1aa7de84a0",2021-10-15T16:15:34Z,2021-10-15T16:15:34Z,"bde3410e-33bb-402f-ab21-63586ac781cd",,"Will Pick up",,,,,,"JeanPaul Chiono","lenovo T460s","US103134","Kellie Pierce (ukp009)","Complete","On Bench - updated, profile created.",,,,"/pcinventory-1/us103134","/pcinventory-1/",,"None requested",,,,,,,,,
"9b3e2413-7d5a-4a33-a059-1da05e8412c2",2021-10-15T16:15:37Z,2021-10-15T16:15:37Z,"bde3410e-33bb-402f-ab21-63586ac781cd",,,2020-01-21T05:00:00Z,2020-02-21T05:00:00Z,"49782","47376",,,"Lenovo ThinkCenter M920Q","US103574","Chirag Patel-WW Finance","Complete","On bench. In Progress - Chirag testing applications before we can disable old one",,,,"/pcinventory-1/us103574","/pcinventory-1/",,,,,,,,,,"MJ0BCWXD",
"9c344d0f-2400-4d49-a1e8-e139f8e4fa73",2021-10-15T16:15:37Z,2021-10-15T16:15:37Z,"bde3410e-33bb-402f-ab21-63586ac781cd",2020-12-07T05:00:00Z,"Ship",,,,,,"New","Lenovo T490","US103650","Melanie Ball (WW Finance)","Complete","On bench - Imaging, profile created, ready to ship",,,,"/pcinventory-1/us103650","/pcinventory-1/",,"monitor & dock, coming from amazon",,,,,,,,,
"9c5af704-fa5d-4be9-b11d-00d61892d267",2021-10-15T16:15:36Z,2021-10-15T16:15:36Z,"bde3410e-33bb-402f-ab21-63586ac781cd",,,,,,,,"Christie Baez","Lenovo M920q","US103450",,"In Progress","In CC area. On and able to update",,,,"/pcinventory-1/us103450","/pcinventory-1/",,,,,,,,,2021-04-06T04:00:00Z,,
"9d656725-b34d-4e38-a7e7-75b0d90e8e23",2021-10-15T16:15:38Z,2021-10-15T16:15:38Z,"bde3410e-33bb-402f-ab21-63586ac781cd",2021-08-02T04:00:00Z,"Pick up ",,,,,,"New ","Lenovo T490","US103700","James Hansen","Complete","On Bench - Imaged ","Ready to go!",,,"/pcinventory-1/us103700","/pcinventory-1/",,,,,,,,,,,
"9d72f798-7379-4cd0-80c5-8d7965311dfb",2021-10-15T16:15:38Z,2021-10-15T16:15:38Z,"bde3410e-33bb-402f-ab21-63586ac781cd",,,,,,,,"New","Lenovo T490","US103715","Eli Oppenheimer","Complete","On Bench - Imaged",,,,"/pcinventory-1/us103715","/pcinventory-1/",,,,,,,,,,,
"9d9afaf3-5ef8-430f-9bc3-13a546f907ce",2021-10-15T16:15:37Z,2021-10-15T16:15:37Z,"bde3410e-33bb-402f-ab21-63586ac781cd",2020-12-07T05:00:00Z,,,,,,,"New","Lenovo T14","US103648","Kara Wakefield","Complete","On Bench - imaged, profile created ready to ship",,,,"/pcinventory-1/us103648","/pcinventory-1/",,"dock & monitor, keyboard & Mouse",,,,,,,,,
"9fa3ed29-adca-40fa-a5ec-1d7602c2a4d4",2021-10-15T16:15:37Z,2021-10-15T16:15:37Z,"bde3410e-33bb-402f-ab21-63586ac781cd",,,,,,,,"Hernan Otero ","Lenovo Yoga 390","US103572","Deva Justhy","Complete","on bench - Imaged",,,,"/pcinventory-1/us103572","/pcinventory-1/",,,,,,,,,,,
"a0e14373-11ec-4525-b5db-874ee0d4e096",2021-10-15T16:15:35Z,2021-10-15T16:15:35Z,"bde3410e-33bb-402f-ab21-63586ac781cd",,,,,,,,,"Lenovo T480s","US103303","Milena Corrigan","Complete","On bench- updating complete",,,,"/pcinventory-1/us103303","/pcinventory-1/",,,,,,,,,,,
"a102db0f-a061-4680-923f-3e1144e39b51",2021-10-15T16:15:36Z,2021-10-15T16:15:36Z,"bde3410e-33bb-402f-ab21-63586ac781cd",,,,,,,,"Kelly Amey ","Lenovo Yoga 380 ","US103353","Chrissy Schreiber","Complete","On Bench - Imaged",,,,"/pcinventory-1/us103353","/pcinventory-1/",,,,,,,,,,,
"a16d7ac2-6c63-47ed-b319-8ac509cc68f0",2021-10-15T16:15:36Z,2021-10-15T16:15:36Z,"bde3410e-33bb-402f-ab21-63586ac781cd",,"Ship",,,,,,"Nick Poucher","Lenovo Yoga 380","US103413","Gregory Crossley","Complete","On Dans desk - Imaged Profile created.",,,,"/pcinventory-1/us103413","/pcinventory-1/",,,,,,,,,,,
"a3039f28-5a06-4a74-b8d4-7264a632eb47",2021-10-15T16:15:37Z,2021-10-15T16:15:37Z,"bde3410e-33bb-402f-ab21-63586ac781cd",,,,,,,,"New","Lenovo T490","US103640","Glenna Peters (New Laptop)","Complete ","On Bench - Imaged - Ready for Glenna. Will be in office next Thursday",,,,"/pcinventory-1/us103640","/pcinventory-1/",,,,,,,,,,"44133",
"a4be4d0e-60ad-4403-914b-bc6968bd96ba",2021-10-15T16:15:38Z,2021-10-15T16:15:38Z,"bde3410e-33bb-402f-ab21-63586ac781cd",,,,,,,,"New","Lenovo T490","US103683","Ganesh Seetharaman","Complete","On bench - Imaged",,,,"/pcinventory-1/us103683","/pcinventory-1/",,,,,,,,,,,
"a52e2816-5925-4d61-9fd7-84befbe900e3",2021-10-15T16:15:38Z,2021-10-15T16:15:38Z,"bde3410e-33bb-402f-ab21-63586ac781cd",,,,,,,"IDT 193","Dennis Noto (New)","Lenovo T490","US103701","Jordan Riddick","Complete","On Bench - Imaged",,,,"/pcinventory-1/us103701","/pcinventory-1/",,"Accounting",,,,,,,,,
"a5887d27-f7be-47b0-977b-5947b2d205d7",2021-10-15T16:15:37Z,2021-10-15T16:15:37Z,"bde3410e-33bb-402f-ab21-63586ac781cd",,"Ship",,,,,,"New","Lenovo T490","US103657","Keith McLaughlin","Complete ","Shipped and welcome letter sent",,,,"/pcinventory-1/us103657","/pcinventory-1/",,"charged",,,,,,,,,
"a60217c1-eb79-4a48-97e6-3c11a4d579d8",2021-10-15T16:15:34Z,2021-10-15T16:15:34Z,"bde3410e-33bb-402f-ab21-63586ac781cd",,,,,,,,,"Lenovo T460s","US103144","Adriana Sasso","Complete","On Bench - updated, cisco & sophos installed. - Profile created. Teams,Onedrive,Email are all good",,,,"/pcinventory-1/us103144","/pcinventory-1/",,,,,,,,,,,
"a8385499-d0ee-45db-845f-bceaeaa2d296",2021-10-15T16:15:37Z,2021-10-15T16:15:37Z,"bde3410e-33bb-402f-ab21-63586ac781cd",,,2020-01-24T05:00:00Z,2020-04-03T04:00:00Z,"49819","62862",,,"Lenovo ThinkPad T490/dock ","US103582","Gwen Cymerman Dept. 086","Complete","Completed",,,,"/pcinventory-1/us103582","/pcinventory-1/",,,,,,,,,,"SPF1W884S",
"a97c5320-6370-4cc3-b239-b7d7a7bd3b17",2021-10-15T16:15:35Z,2021-10-15T16:15:35Z,"bde3410e-33bb-402f-ab21-63586ac781cd",,,,,,,,,"Lenovo Yoga 370","US103270","Michele Montana","Complete","On Bench - Completed and Shipped",,,,"/pcinventory-1/us103270","/pcinventory-1/",,,,,,,,,,,
"aad76a68-738a-4e9c-850f-5415117e9e95",2021-10-15T16:15:37Z,2021-10-15T16:15:37Z,"bde3410e-33bb-402f-ab21-63586ac781cd",2020-11-02T05:00:00Z,"Pick up",,,,,,"New ","Lenovo T490 ","US103642","Harshal Shah","Complete","On Bench -Imaged - Profile created. Needs teams onedrive email, complete ready to ship",,,,"/pcinventory-1/us103642","/pcinventory-1/",,"Keyboard//mouse, dock, monitor",,,,,,,,,
"abfa4c97-692e-4fec-b7fb-4702738d61da",2021-10-15T16:15:37Z,2021-10-15T16:15:37Z,"bde3410e-33bb-402f-ab21-63586ac781cd",2021-04-19T04:00:00Z,"Ship ",,,,,,"New","Lenovo T490","US103668","Kerry Middlemas  ","Complete ","On Bench - Imaged","Server RM Bench",,,"/pcinventory-1/us103668","/pcinventory-1/",,"charged",,,,,,,,,
"ac604742-c9e6-4e62-9031-b7a24bb8bfa5",2021-10-15T16:15:36Z,2021-10-15T16:15:36Z,"bde3410e-33bb-402f-ab21-63586ac781cd",,,,,,,"Tax","Richard Clemons","Lenovo Yoga 380","US103454",,"ON HOLD - Data recovery","re-enabled for data backup",,,,"/pcinventory-1/us103454","/pcinventory-1/",,,,,,,,,2021-08-27T04:00:00Z,,
"ac85f68e-c61a-465a-b80e-e82e0d559315",2021-10-15T16:15:34Z,2021-10-15T16:15:34Z,"bde3410e-33bb-402f-ab21-63586ac781cd",,,,,,,,,"T460s","US103099","CarmeyForgey","Complete","On Bench  - Working on PC(Dan)-Had a good life but laid to rest - Completed",,,,"/pcinventory-1/us103099","/pcinventory-1/",,,,,,,,,,,
"acb365d4-ff63-45fd-8875-cc75b6e280c1",2021-10-15T16:15:34Z,2021-10-15T16:15:34Z,"bde3410e-33bb-402f-ab21-63586ac781cd",,,,,,,,"Angela Haber","Lenovo T460s","US103105","Pavel Majstrov (WiPro)","Complete","On Bench - Imaged",,,,"/pcinventory-1/us103105","/pcinventory-1/",,,,,,,,,,,
"adddf9a7-2d46-4f83-822a-b6fd1795e7b6",2021-10-15T16:15:38Z,2021-10-15T16:15:38Z,"bde3410e-33bb-402f-ab21-63586ac781cd",,,,,,,,"New","Lenovo T490","US103694","Chiara Deleonibus","Complete","On Bench - Imaged",,,,"/pcinventory-1/us103694","/pcinventory-1/",,,,,,,,,,,
"ae7fbaee-2900-4754-b943-98e05ab41944",2021-10-15T16:15:35Z,2021-10-15T16:15:35Z,"bde3410e-33bb-402f-ab21-63586ac781cd",,,,,,,,"Hector Barea","Lenovo Yoga 370","US103234","Asad U Khan","Complete","On bench - Imaged",,,,"/pcinventory-1/us103234","/pcinventory-1/",,,,,,,,,2021-04-22T04:00:00Z,,
"af4fe438-3589-44fb-9bf4-e675c8c197ab",2021-10-15T16:15:36Z,2021-10-15T16:15:36Z,"bde3410e-33bb-402f-ab21-63586ac781cd",2020-10-26T00:00:00Z,"Ship",,,,,,"Patty johnson","Lenovo Yoga 380","US103319","Toula Orlando","Complete","On Bench - Updated - Ready to go barring any specific user software",,,,"/pcinventory-1/us103319","/pcinventory-1/",,"None Requested",,,,,,,,,
"af8d85b8-73ed-4301-b32b-e04b95f6d37b",2021-10-15T16:15:36Z,2021-10-15T16:15:36Z,"bde3410e-33bb-402f-ab21-63586ac781cd",,"Pick up (Jody Sunday)",,,,,,"Laura Braun","Lenovo T480s","US103395","Paul Sharpe","Complete","On Bench, profile created, needs outlook ",,,,"/pcinventory-1/us103395","/pcinventory-1/",,,,,,,,,,,
"b0a3783e-cbd7-4f68-b0de-dae6bae37ab6",2021-10-15T16:15:37Z,2021-10-15T16:15:37Z,"bde3410e-33bb-402f-ab21-63586ac781cd",,,,,,,,"New","Lenovo Thinkcenter 920q","US103565","Prepped for Tim Carter","Complete","On Bench - Imaging","Conference room table",,,"/pcinventory-1/us103565","/pcinventory-1/",,,,,,,,,,,
"b46e4455-552b-49c2-bfb5-e44363e2d884",2021-10-15T16:15:36Z,2021-10-15T16:15:36Z,"bde3410e-33bb-402f-ab21-63586ac781cd",2021-04-12T04:00:00Z,"Ship ",,,,,,"Samuel Diaz","Lenovo Yoga 380","US103419","Kellie Peake","Complete ","On bench - Imaged","Bench ",,,"/pcinventory-1/us103419","/pcinventory-1/",,,,,,,,,,,
"b48d3d74-9684-46c9-be3b-5739fa308be5",2021-10-15T16:15:35Z,2021-10-15T16:15:35Z,"bde3410e-33bb-402f-ab21-63586ac781cd",,,,,,,,"Jenna Brookins","Lenovo Yoga 370","US103273","Dawn Green ","Complete","On bench - Imaged",,,,"/pcinventory-1/us103273","/pcinventory-1/",,,,,,,,,,,
"b4ba8d2f-95db-4667-909e-9c99a8c23db5",2021-10-15T16:15:34Z,2021-10-15T16:15:34Z,"bde3410e-33bb-402f-ab21-63586ac781cd",2020-10-12T00:00:00Z,"Ship",,,,,,"Sonia Blaney","Lenovo T470S","US103185","William Agee (uwa004)","Complete","On bench - Cisco Updated, DA, Sophos. Updated. Profile complete. (Mike)",,,,"/pcinventory-1/us103185","/pcinventory-1/",,"None Requested",,,,,,,,,
"b4c22ec3-5dc8-4e62-bed0-7a45737802db",2021-10-15T16:15:34Z,2021-10-15T16:15:34Z,"bde3410e-33bb-402f-ab21-63586ac781cd",,,,,,,,,,"US103164","Natalia Vargas","Complete","Completed",,,,"/pcinventory-1/us103164","/pcinventory-1/",,,,,,,,,,,
"b5a2d3c8-810d-4f23-96e4-3431e169f0e4",2021-10-15T16:15:38Z,2021-10-15T16:15:38Z,"bde3410e-33bb-402f-ab21-63586ac781cd",,,,,,,,"New","lenovo T490","US103688","Gesenia Malave","Complete","On Bench - Imaged",,,,"/pcinventory-1/us103688","/pcinventory-1/",," Dock, Monitor, iPhone SE",,,,,,,,,
"b81f467d-17da-4994-8b20-a697b87727da",2021-10-15T16:15:39Z,2021-10-15T16:15:39Z,"bde3410e-33bb-402f-ab21-63586ac781cd",,,,,,,"US&CA Demand planning","Ana Montoya","Lenovo T480s","US103399",,"Complete",,"Bench",,,"/pcinventory-1/us103399","/pcinventory-1/",,,,,,,,,,,
"b8521399-db12-4905-8f55-d4168f7291ad",2021-10-15T16:15:39Z,2021-10-15T16:15:55Z,"bde3410e-33bb-402f-ab21-63586ac781cd",2021-10-18T00:00:00Z,"SHIP",,,,,,"New ","Lenovo T490","US103730","Pavi Agrawal","In Progress","On bench - Imaged",,,,"/pcinventory-1/us103730","/pcinventory-1/",,,,,,,,,,,
"b909dc0f-a769-4127-a7c0-f99c37df5ca3",2021-10-15T16:15:38Z,2021-10-15T16:15:38Z,"bde3410e-33bb-402f-ab21-63586ac781cd",,,,,,,,"New","Lenovo T490","US103680","JoAnn Rodriguez","Complete","On Bench - Imaged",,,,"/pcinventory-1/us103680","/pcinventory-1/",,"charged",,,,,,,,,
"bac304a3-2e88-4bac-818b-caca071dceb7",2021-10-15T16:15:34Z,2021-10-15T16:15:34Z,"bde3410e-33bb-402f-ab21-63586ac781cd",,,,,,,,,"HP 9480","US102974","Amanda Rosas","Complete","On bench - Imaged & updated",,,,"/pcinventory-1/us102974","/pcinventory-1/",,,,,,,,,,,
"bcac8f69-4aaa-46f0-8cfa-50bf0aee04f0",2021-11-03T16:31:06Z,2021-11-03T16:32:06Z,"bde3410e-33bb-402f-ab21-63586ac781cd",,,,,,,,"New","Lenovo T490","US103734",,"Complete","On bench - imaged",,,,"/pcinventory-1/us103734","/pcinventory-1/",,,,,,,,,,,
"bcd76036-6729-4a37-9e55-39cf95e40b99",2021-10-15T16:15:37Z,2021-10-15T16:15:37Z,"bde3410e-33bb-402f-ab21-63586ac781cd",,,,,,,,,"T490s","US103556","Patricia Hynes","Complete","On Bench - Completed ",,,,"/pcinventory-1/us103556","/pcinventory-1/",,,,,,,,,,,
"bce77c82-1dd9-46a2-a4d8-6a029e3359d7",2021-10-15T16:15:37Z,2021-10-15T16:15:37Z,"bde3410e-33bb-402f-ab21-63586ac781cd",,,,,,,,"New","Lenovo T490","US103670","Jody","Complete","On Bench - Imaged","Server RM Bench",,,"/pcinventory-1/us103670","/pcinventory-1/",,,,,,,,,,,
"bdc481e7-b587-454b-aa26-d8131378c4bd",2021-10-15T16:15:36Z,2021-10-15T16:15:36Z,"bde3410e-33bb-402f-ab21-63586ac781cd",,,,,,,,"Robin Berghorn","Lenovo T480s","US103418","Alex Torres","Complete","On Bench - Imaging","Bench",,,"/pcinventory-1/us103418","/pcinventory-1/",,,,,,,,,,,
"bdfe4bb0-e90b-422a-b2b7-c2eadb2f4d44",2021-10-15T16:15:35Z,2021-10-15T16:15:35Z,"bde3410e-33bb-402f-ab21-63586ac781cd",,,,,,,,"Julie Monty","Lenovo T470s","US103271","Vikram Ahuja (WiPro)","Complete","On Bench - Imaged",,,,"/pcinventory-1/us103271","/pcinventory-1/",,,,,,,,,,,
"beb83d0e-7938-448e-b49e-bfe98cfc680f",2021-10-15T16:15:34Z,2021-10-15T16:15:34Z,"bde3410e-33bb-402f-ab21-63586ac781cd",2021-03-11T05:00:00Z,"Pick up",,,,,,"Dina Rios","Lenovo T460s","US103097","Pam Stewart","Complete ","On Bench - Imaged, software installed, profile created.  Ready to deploy","Server RM Bench",,,"/pcinventory-1/us103097","/pcinventory-1/",,,,,,,,,,,
"c08b1371-ae98-47c7-8458-d4eb8e5333d9",2021-10-15T16:15:35Z,2021-10-15T16:15:35Z,"bde3410e-33bb-402f-ab21-63586ac781cd",,,,,,,,"Courtney Diamond","Lenovo T470s","US103274","Roya Kojouri","Complete","On Bench - Imaged","Server RM Bench",,,"/pcinventory-1/us103274","/pcinventory-1/",,,,,,,,,,,
"c3fb7d0b-c2d6-4286-9b09-edb95494ea87",2021-10-15T16:15:34Z,2021-10-15T16:15:34Z,"bde3410e-33bb-402f-ab21-63586ac781cd",,,,,,,,"Andres Cruz","Lenovo T460s","US103119","Isaac Anthony","Complete","On Bench - Imaged",,,,"/pcinventory-1/us103119","/pcinventory-1/",,,,,,,,,,,
"c3ff9e8e-eef7-4ae4-9d5d-805cbae8ebd0",2021-10-15T16:15:36Z,2021-10-15T16:15:36Z,"bde3410e-33bb-402f-ab21-63586ac781cd",,,,,,,,"Sumit Upadhyaya","Lenovo T480s","US103362","Ricardo Hernandez","Complete","On Bench - Imaged",,,,"/pcinventory-1/us103362","/pcinventory-1/",,,,,,,,,,,
"c56ff4f5-08a2-41bc-b8a4-7c7708bb14e6",2021-10-15T16:15:34Z,2021-10-15T16:15:34Z,"bde3410e-33bb-402f-ab21-63586ac781cd",2020-10-14T00:00:00Z,"Pick up",,,,,,,"Lenovo T470S ","US103194","Rima","Complete","On bench - Cisco Updated, DA, Sophos. Updated. Profile created, complete.",,,,"/pcinventory-1/us103194","/pcinventory-1/",,,,,,,,,,,
"c5d19c42-c07f-41b6-865d-c95b502cdad7",2021-10-15T16:15:37Z,2021-10-15T16:15:37Z,"bde3410e-33bb-402f-ab21-63586ac781cd",2021-05-03T04:00:00Z,"Ship ",,,,,,"New","Lenovo T490","US103674","Candy Pichardo","Complete","On Bench - Imaged",,,,"/pcinventory-1/us103674","/pcinventory-1/",,,,,,,,,,,
"c5f93b72-c583-4c78-80eb-9f86a3ef881f",2021-10-15T16:15:38Z,2021-10-15T16:15:38Z,"bde3410e-33bb-402f-ab21-63586ac781cd",,,,,,,,"New ","Lenovo T490 ","US103703","Michael Golebowski","Complete","On Bench - Imaged",,,,"/pcinventory-1/us103703","/pcinventory-1/",,,,,,,,,,,
"c63e7bc0-facd-42a1-ad31-8d3119fad73e",2021-10-15T16:15:38Z,2021-10-15T16:15:38Z,"bde3410e-33bb-402f-ab21-63586ac781cd",2021-01-09T05:00:00Z,,,,,,"80","New ","Lenovo T490","US103726","Carmen Pena","Complete",,,,,"/pcinventory-1/us103726","/pcinventory-1/",,,,,,,,,,,
"c79df044-f790-4ef6-b0fc-849510e32af6",2021-10-15T16:15:36Z,2021-10-15T16:15:36Z,"bde3410e-33bb-402f-ab21-63586ac781cd",2021-04-28T04:00:00Z,"Pick up",,,,,,"Adam Poston","Lenovo Yoga X380","US103447","Nathan Lehman","Complete","On Bench - Imaged","Server RM Bench",,,"/pcinventory-1/us103447","/pcinventory-1/",,,,,,,,,,,
"c7a09e90-93bb-4d91-bc45-b0fce7b4140f",2021-10-15T16:15:39Z,2021-11-03T16:20:01Z,"bde3410e-33bb-402f-ab21-63586ac781cd",,,2020-01-21T05:00:00Z,2020-03-13T04:00:00Z,"49782","47376","WW Finance",,"Lenovo ThinkPad T490/dock ",,"Lori Vilece","Complete","Last Day Disabled 7/16/2020",,,,,"/pcinventory-1/",,,,,,,,,,"PF1X95VM",
"c88f5887-233b-4c0d-bd65-f3473e5a1c50",2021-10-15T16:15:38Z,2021-10-15T16:16:00Z,"bde3410e-33bb-402f-ab21-63586ac781cd",,,,,,,,"New ","Lenovo T490","US103707","Avi Rothkopf","Complete","On Bench - Imaged ",,,,"/pcinventory-1/us103707","/pcinventory-1/",,,,,,,,,,,
"c983b303-7014-4d14-9af1-e4c5903c61cc",2021-10-15T16:15:37Z,2021-10-15T16:15:37Z,"bde3410e-33bb-402f-ab21-63586ac781cd",,,,,,,,,"lenovo M920","US103563","Tim Pierce","Complete","On bench - imaged- profile created, finance pack installed",,,,"/pcinventory-1/us103563","/pcinventory-1/",,,,,,,,,,,
"c9f9fd41-7e2d-4aaf-8c8e-d3b4f75a5581",2021-10-15T16:15:34Z,2021-10-15T16:15:34Z,"bde3410e-33bb-402f-ab21-63586ac781cd",,,,,,,,,"Lenovo Yoga 260","US103132","Juan Gamboa","Complete","On Bench - updated, cisco & sophos installed. -  Profile created. Teams,Onedrive,Email are all good",,,,"/pcinventory-1/us103132","/pcinventory-1/",,,,,,,,,,,
"ca429f45-409a-42b1-ad40-237182c5d11a",2021-10-15T16:15:37Z,2021-10-15T16:15:37Z,"bde3410e-33bb-402f-ab21-63586ac781cd",,"Ship ",,,,,,"New ","Lenovo Thinkcenter 920q","US103528","Guy Robert","Complete","On Bench - Imaged ","Server RM Bench",,,"/pcinventory-1/us103528","/pcinventory-1/",,,,,,,,,,,
"ca42a266-16b4-474c-957c-282c3c3c8f57",2021-10-15T16:15:39Z,2021-10-15T16:15:39Z,"bde3410e-33bb-402f-ab21-63586ac781cd",,,,,,,,"New ","Lenovo T490","US103731",,"In Progress","On bench - Imaged",,,,"/pcinventory-1/us103731","/pcinventory-1/",,,,,,,,,,,
"ca4a07b3-0dea-4377-a211-e6156b02fd3c",2021-10-15T16:15:34Z,2021-10-15T16:15:34Z,"bde3410e-33bb-402f-ab21-63586ac781cd",2020-10-12T00:00:00Z,,,,,,,,"2013 Macbook Pro 15 inch","US103189","Rebecca Winship","Complete","Ready to ship - On Ryans desk - Shipped",,,,"/pcinventory-1/us103189","/pcinventory-1/",,,,,,,,,,,
"caec844e-00be-4d00-a4f0-1e68f56e0c3c",2021-10-15T16:15:34Z,2021-10-15T16:15:34Z,"bde3410e-33bb-402f-ab21-63586ac781cd",,,,,,,,"Kellie Pierce","Lenovo T460s","US103134","Kevin McGill (WiPro)","Complete","On Bench - Imaged",,,,"/pcinventory-1/us103134","/pcinventory-1/",,,,,,,,,2021-05-01T04:00:00Z,,
"cb09d193-d3cf-4474-ade6-535e74c4ce58",2021-10-15T16:15:38Z,2021-10-15T16:15:38Z,"bde3410e-33bb-402f-ab21-63586ac781cd",,,,,,,,"New","Lenovo T490","US103691","Chris McMurrray","Complete","On Bench - Imaged",,,,"/pcinventory-1/us103691","/pcinventory-1/",,,,,,,,,,,
"cb20a812-a643-47fe-91e4-0504b24fa722",2021-10-15T16:15:34Z,2021-10-15T16:15:34Z,"bde3410e-33bb-402f-ab21-63586ac781cd",,,,,,,,,"Lenovo T460","US103104","Maryah Sullivan","Complete","Replace US102907 - Completed",,,,"/pcinventory-1/us103104","/pcinventory-1/",,,,,,,,,,,
"cc09fda3-739a-4155-959c-b81e100319f6",2021-11-03T16:32:29Z,2021-11-03T16:33:32Z,"bde3410e-33bb-402f-ab21-63586ac781cd",,,,,,,,"New","Lenovo T490","US103735",,"Complete","On bench - imaged",,,,"/pcinventory-1/us103735","/pcinventory-1/",,,,,,,,,,,
"cc87f45b-abc2-4bf8-81d0-124b03f17c67",2021-10-15T16:15:35Z,2021-11-03T16:06:21Z,"bde3410e-33bb-402f-ab21-63586ac781cd",,,,,,,,"Austin Goldstein","Lenovo Yoga 370","US103222","Farah Nausheen","Complete","On Bench - Imaged ","Server RM Bench",,,"/pcinventory-1/us103222","/pcinventory-1/",,,,,,,,,,,
"cd015f6b-d54b-4b72-9f19-f17b559916f7",2021-10-15T16:15:36Z,2021-10-15T16:15:36Z,"bde3410e-33bb-402f-ab21-63586ac781cd",,,,,,,,"Alex Torres ","Lenovo T480s","US103418","Rajeev Devarapalli","Complete","On Bench - Imaged - prep for Rajeev Devarapalli",,,,"/pcinventory-1/us103418","/pcinventory-1/",,,,,,,,,,,
"cdc86693-aa70-4348-b92d-288e22500f03",2021-10-15T16:15:34Z,2021-10-15T16:15:34Z,"bde3410e-33bb-402f-ab21-63586ac781cd",,,,,,,,,"Lenovo Yoga 260","US103146","Lauren Register","Complete","On bench - Cisco Updated, DA, Sophos. Updated - Profile created. Teams,Onedrive,Email are all good",,,,"/pcinventory-1/us103146","/pcinventory-1/",,,,,,,,,,,
"cf424571-96e4-43c4-81a4-c4e73eb8f5f4",2021-10-15T16:15:37Z,2021-10-19T15:59:48Z,"bde3410e-33bb-402f-ab21-63586ac781cd",,"Pickup",,,,,"Treasury","Keith Crow","Lenovo T490","US103505","Armando Gochuico","Data backed up","Lended out to Armando Gochuico 10/19/2021","on the bench",,,"/pcinventory-1/us103505","/pcinventory-1/","wix:image://v1/edefdf_bef2c4a5495b4d539acf6de1a297a34f~mv2.jpg/16346590731713215437379567534705.jpg#originWidth=3024&originHeight=4032",,,,,,,,2020-09-10T04:00:00Z,,
"cfad1b30-c4cf-4b98-8e00-670f06d9a876",2021-10-15T16:15:35Z,2021-10-15T16:15:35Z,"bde3410e-33bb-402f-ab21-63586ac781cd",,,,,,,,,"Lenovo T 470s","US103247","Tim Pierce","Complete","On bench - imaged- profile created, finance pack installed - Completed",,,,"/pcinventory-1/us103247","/pcinventory-1/",,,,,,,,,,,
"d14ee6fb-e427-419a-bafd-6a0d27ab66f8",2021-10-15T16:15:37Z,2021-10-15T16:15:37Z,"bde3410e-33bb-402f-ab21-63586ac781cd",,,,,,,,,"Lenovo T490","US103547","Ralph Lavin","Complete","On bench - Ready(Dan) - Completed and sent",,,,"/pcinventory-1/us103547","/pcinventory-1/",,,,,,,,,,,
"d4fbc995-6083-4ed5-9543-da5f9a6fdd03",2021-10-15T16:15:35Z,2021-10-15T16:15:35Z,"bde3410e-33bb-402f-ab21-63586ac781cd",,,,,,,"Accounting ","Chirag Patel","Lenovo yoga 370","US103280",,"Data backed up",,,,,"/pcinventory-1/us103280","/pcinventory-1/",,,,,,,,,,,
"d5fb5cce-c135-4d8f-9e0f-8b5d2ad958ee",2021-10-15T16:15:37Z,2021-10-15T16:15:37Z,"bde3410e-33bb-402f-ab21-63586ac781cd",,,,,,,,"New","Lenovo T490","US103654","Cody Lee","Complete","Shipped - Extra RAM installed","Server Room",,,"/pcinventory-1/us103654","/pcinventory-1/",,"charged",,,,,,,,,
"d69d6416-71f2-4959-9bb8-620792ea249e",2021-10-15T16:15:34Z,2021-10-15T16:15:34Z,"bde3410e-33bb-402f-ab21-63586ac781cd",,,,,,,,,"Lenovo T470","US103148","Svetoslava Syarova","Complete","Replace US103083 - On Bench - Reached out to user (Ryan)- complete",,,,"/pcinventory-1/us103148","/pcinventory-1/",,,,,,,,,,,
"d907c606-c82a-4336-97a4-e084b6c90730",2021-10-15T16:15:37Z,2021-10-15T16:15:37Z,"bde3410e-33bb-402f-ab21-63586ac781cd",,,,,,,,"New ","Lenovo Thinkcenter 920q","US103564","Prepped for Tim Carter","Complete","On Bench - Imaging","Conference room table",,,"/pcinventory-1/us103564","/pcinventory-1/",,,,,,,,,,,
"d9c354d9-43a6-4df7-925a-039a74615c41",2021-10-15T16:15:38Z,2021-10-15T16:15:38Z,"bde3410e-33bb-402f-ab21-63586ac781cd",,,,,,,,"New ","Lenovo T490","US103720","Yolanda Amador","Complete",,,,,"/pcinventory-1/us103720","/pcinventory-1/",,"Accounting",,,,,,,,,
"da040aa3-deb4-4816-8077-ec7dda5ffa80",2021-10-15T16:15:36Z,2021-10-15T16:15:36Z,"bde3410e-33bb-402f-ab21-63586ac781cd",,,,,,,,"OKsana Collura","Lenovo Yoga 380","US103464","Larry Gross","In Progress","On Bench - Imaged",,,,"/pcinventory-1/us103464","/pcinventory-1/",,,,,,,,,,,
"daf949b2-6c3c-46ec-a1cb-b88be885dbda",2021-10-15T16:15:35Z,2021-10-15T16:15:35Z,"bde3410e-33bb-402f-ab21-63586ac781cd",,,,,,,"HR",,"Lenovo T480","US103297","Diane Steinberg","Complete","Replace US103147 - On Bench, emailed user x2 (mike) -Target 7/22 @ 10am. Complete",,,,"/pcinventory-1/us103297","/pcinventory-1/",,,,,,,,,,,
"db89c463-0ec6-4a19-b0c2-ac75783deaf6",2021-10-15T16:15:37Z,2021-10-15T16:15:37Z,"bde3410e-33bb-402f-ab21-63586ac781cd",,,2020-01-24T05:00:00Z,2020-04-03T04:00:00Z,"49819","62862",,,"Lenovo ThinkPad T490/dock ","US103581","Elizabeth Earles Dept. 086","Complete","Completed",,,,"/pcinventory-1/us103581","/pcinventory-1/",,,,,,,,,,"SPF1W8AE0",
"db9aacdd-97e9-49c1-b992-08e6d0c8790e",2021-10-15T16:15:37Z,2021-10-15T16:15:37Z,"bde3410e-33bb-402f-ab21-63586ac781cd",,,2020-01-24T05:00:00Z,2020-02-25T05:00:00Z,"49819","62862",,,"Lenovo ThinCentre M920Q","US103571","Cassandra Mas Dept. 086","Complete","already deployed ",,,,"/pcinventory-1/us103571","/pcinventory-1/",,,,,,,,,,"MJ0BDLET",
"dc1143fe-6db3-44be-81d7-6c8a8bde3992",2021-10-15T16:15:36Z,2021-10-15T16:15:36Z,"bde3410e-33bb-402f-ab21-63586ac781cd",,,,,,,,"Denise Novey","Lenovo Yoga 380","US103369","Cherisse Stover replacement laptop","Complete","On Bench - Imaged ","Server RM Bench",,,"/pcinventory-1/us103369","/pcinventory-1/",,,,,,,,,,,
"dcb8600a-ff6c-4f03-a7fd-fb59e78c4dd6",2021-10-15T16:15:38Z,2021-10-15T16:15:38Z,"bde3410e-33bb-402f-ab21-63586ac781cd",2021-10-04T04:00:00Z,,,,,,"173","New","Lenovo T490","US103722","Cynthia Fine","Complete",,,,,"/pcinventory-1/us103722","/pcinventory-1/",,,,,,,,,,,
"dd78d729-ca62-42ba-ace4-9847c95c7107",2021-10-15T16:15:38Z,2021-10-15T16:15:38Z,"bde3410e-33bb-402f-ab21-63586ac781cd",2021-09-27T04:00:00Z,,,,,,"Investor relations","New","Lenovo T490","US103718","Alexis Callahan","Complete",,,,,"/pcinventory-1/us103718","/pcinventory-1/",,,,,,,,,,,
"dd929de0-c0cc-428a-a418-344d05c84a50",2021-10-15T16:15:39Z,2021-10-15T16:15:39Z,"bde3410e-33bb-402f-ab21-63586ac781cd",,,,,,,,"Ricardo Hernandez","Lenovo T480s","US103362",,"Complete","On Bench - Imaged",,,,"/pcinventory-1/us103362","/pcinventory-1/",,,,,,,,,,,
"de11ad59-caec-4fd4-8696-6f023447714c",2021-10-15T16:15:35Z,2021-10-15T16:15:35Z,"bde3410e-33bb-402f-ab21-63586ac781cd",,,,,,,,"TIm Thompson","Lenovo T470s","US103194","Drew Ambrose","Complete","On Bench - Imaged","Server RM Bench",,,"/pcinventory-1/us103194","/pcinventory-1/",,,,,,,,,,,
"de7973dc-872d-4a09-9cd3-159a62a8a350",2021-10-15T16:15:35Z,2021-10-15T16:15:35Z,"bde3410e-33bb-402f-ab21-63586ac781cd",,,,,,,,"David Kusma","Lenovo Yoga 370","US103230","Owen Occhetti","Complete","On Bench - Imaged",,,,"/pcinventory-1/us103230","/pcinventory-1/",,,,,,,,,,,
"df235958-57d1-41ba-b55c-bc35ef6208c1",2021-10-15T16:15:34Z,2021-10-15T16:15:34Z,"bde3410e-33bb-402f-ab21-63586ac781cd",,,,,,,,,"Lenovo Yoga 260","US103131","Derek Torres","Complete","On Bench - updated, cisco & sophos installed. - Profile created. Teams,Onedrive,Email are all good",,,,"/pcinventory-1/us103131","/pcinventory-1/",,,,,,,,,,,
"e02ee346-3107-47f4-9858-e70b0965a8cd",2021-10-15T16:15:37Z,2021-10-15T16:15:37Z,"bde3410e-33bb-402f-ab21-63586ac781cd",,"ship ",,,,,,"New","Lenovo T490","US103659","Erika Baccaro-Tax Director","Complete ","Shipped and welcome letter sent",,,,"/pcinventory-1/us103659","/pcinventory-1/",,"'+16GB ram",,,,,,,,"44243",
"e0e6a605-7ec2-4f49-a8fe-1b790619a0ff",2021-10-15T16:15:34Z,2021-10-15T16:15:34Z,"bde3410e-33bb-402f-ab21-63586ac781cd",2021-05-03T04:00:00Z,"Pick up",,,,,,"Svetoslava Syarova","Lenovo T470s","US103148","Andres Cruz","Complete",,,,,"/pcinventory-1/us103148","/pcinventory-1/",,,,,,,,,,,
"e11bae90-e3fb-4705-8565-097f38bf1f4d",2021-10-15T16:15:34Z,2021-10-15T16:15:34Z,"bde3410e-33bb-402f-ab21-63586ac781cd",,,,,,,,,"Lenovo T460s","US103114","Ramsay Lewis","Complete","On Bench - updated, cisco & sophos installed. profile created. - Shipped",,,,"/pcinventory-1/us103114","/pcinventory-1/",,,,,,,,,,,
"e3016f69-fc27-46a1-a91e-2f28ce0c393b",2021-10-15T16:15:37Z,2021-10-15T16:15:37Z,"bde3410e-33bb-402f-ab21-63586ac781cd",,,,,,,,"Luis Vazquez","Lenovo T490","US103587","Lisa Paternoster","Complete","On Bench - Imaged, updated ready for user.",,,,"/pcinventory-1/us103587","/pcinventory-1/",,,,,,,,,,,
"e3129efd-c160-49d6-bdca-8e7ecd2fca3f",2021-10-15T16:15:36Z,2021-10-15T16:15:36Z,"bde3410e-33bb-402f-ab21-63586ac781cd",,,,,,,,"Tina Hamilton","Mac ?","US103457","Kristin Hugo","Complete","Shipped",,,,"/pcinventory-1/us103457","/pcinventory-1/",,,,,,,,,2021-04-21T04:00:00Z,,
"e34e47d5-b721-4766-bfde-c88072eb40d6",2021-10-15T16:15:34Z,2021-10-15T16:15:34Z,"bde3410e-33bb-402f-ab21-63586ac781cd",,,,,,,"US&CA Sales","Nick Bierman","Lenovo Yoga 260","US103115",,"In Progress","On Bench - Imaged",,,,"/pcinventory-1/us103115","/pcinventory-1/",,,,,,,,,,,
"e3839ea2-e13a-45a4-81ff-d5f8fe2e8617",2021-10-15T16:15:37Z,2021-10-15T16:15:37Z,"bde3410e-33bb-402f-ab21-63586ac781cd",2020-10-26T00:00:00Z,"Ship ",,,,,,"New","Lenovo T490s","US103543","Julie Ott","Complete","On Bench. Complete except for teams",,,,"/pcinventory-1/us103543","/pcinventory-1/",,"2 monitors, Dock, Wireless Keyboard and Mouse",,,,,,,,,
"e5f09511-9812-48c7-846a-48eaf5b19f67",2021-10-15T16:15:34Z,2021-10-15T16:15:34Z,"bde3410e-33bb-402f-ab21-63586ac781cd",,,,,,,,,"Lenovo T460s","US103097","Melinda Muller","Complete","On bench - imaging Has bad speaker & is out of warranty",,,,"/pcinventory-1/us103097","/pcinventory-1/",,,,,,,,,,,
"e5fd60c3-c7cd-4a89-8a69-408000e5b19e",2021-10-15T16:15:37Z,2021-10-15T16:15:37Z,"bde3410e-33bb-402f-ab21-63586ac781cd",,"Pick up",,,,,,"New ","Lenovo T490","US103644","Daniel Cruz","Complete","On Bench - Imaged, profile created",,,,"/pcinventory-1/us103644","/pcinventory-1/",,"dock, monitor, mouse",,,,,,,,,
"e73f2297-0ba8-4be1-8953-49672959361b",2021-10-15T16:15:35Z,2021-10-15T16:15:35Z,"bde3410e-33bb-402f-ab21-63586ac781cd",,,,,,,,"Taheera Lawrence","Lenovo Yoga 370","US103200","Hannah Ausen","Complete","On Bench - Imaged ","Server RM Bench",,,"/pcinventory-1/us103200","/pcinventory-1/",,,,,,,,,,,
"e84e60d7-28a1-4be0-b87b-3c27d2039903",2021-10-15T16:15:34Z,2021-10-15T16:15:34Z,"bde3410e-33bb-402f-ab21-63586ac781cd",,,,,,,,,"Lenovo T460s","US103119","Andres Cruz (Intern)","Complete","On Bench - updated, cisco & sophos installed. profile created. Completed",,,,"/pcinventory-1/us103119","/pcinventory-1/",,,,,,,,,,,
"e967e909-4d86-4f53-9170-820c818123fe",2021-10-15T16:15:38Z,2021-10-15T16:15:38Z,"bde3410e-33bb-402f-ab21-63586ac781cd",2021-09-22T04:00:00Z,"Pick up ",,,,,"Marketing 037","New","Lenovo T490","US103716","Rachel Kropp","Complete","On Bench - Imaged",,,,"/pcinventory-1/us103716","/pcinventory-1/",,,,,,,,,,,
"e9b13535-435d-4b17-bd47-d404889f08cf",2021-10-15T16:15:34Z,2021-10-15T16:15:34Z,"bde3410e-33bb-402f-ab21-63586ac781cd",,,,,,,,"Cameron Sforza- Flick","Lenovo T470s","US103169",,"Pending Asset Recovery ","Still a KR for TW -- JK is fine if he wants to  buy computer",,,,"/pcinventory-1/us103169","/pcinventory-1/",,,,,,,,,2021-04-23T04:00:00Z,,
"eaac2709-88f9-4993-a4a5-0aa979a1f2a5",2021-10-15T16:15:37Z,2021-10-15T16:15:37Z,"bde3410e-33bb-402f-ab21-63586ac781cd",,,2020-01-21T05:00:00Z,2020-03-13T04:00:00Z,"49782","47376",,,"Lenovo ThinkPad T490/dock ","US103545","Madeine Otero-WW Finance","Complete","Set up done. Completed",,,,"/pcinventory-1/us103545","/pcinventory-1/",,,,,,,,,,"PF1VQ05P",
"ebbc7502-093c-4194-9c39-50a190af0d27",2021-10-15T16:15:35Z,2021-10-15T16:15:35Z,"bde3410e-33bb-402f-ab21-63586ac781cd",,,,,,,,,"Lenovo yoga","US103200","Taheera Lawrence-Brown","Complete","On Bench - Updating (No known name yet) Complete",,,,"/pcinventory-1/us103200","/pcinventory-1/",,,,,,,,,,,
"ebdef1e8-12fa-47a7-81a0-905a1f5dfa62",2021-10-15T16:15:38Z,2021-10-15T16:15:38Z,"bde3410e-33bb-402f-ab21-63586ac781cd",2021-09-27T04:00:00Z,,,,,,"WW finance","New","Lenovo T490","US103717","Rudy Robles ","Complete","On Bench - Imaged",,,,"/pcinventory-1/us103717","/pcinventory-1/",,,,,,,,,,,
"ec7570d5-142f-48cc-abc8-8e350aa4b624",2021-10-15T16:15:34Z,2021-10-15T16:15:34Z,"bde3410e-33bb-402f-ab21-63586ac781cd",,,,,,,,,"Lemovo T460s","US103083","Rochelle Smith ","Complete","On Bench - Completed",,,,"/pcinventory-1/us103083","/pcinventory-1/",,,,,,,,,,,
"edb75ff2-b329-4e4a-a9fc-1435960c02ff",2021-10-15T16:15:34Z,2021-10-15T16:15:34Z,"bde3410e-33bb-402f-ab21-63586ac781cd",,,,,,,,,"Lenovo Yoga 260","US103136","David Harper  ","Complete","Imaging (Ryan) Ready (Mike) Complete",,,,"/pcinventory-1/us103136","/pcinventory-1/",,,,,,,,,,,
"edde042c-5e8c-43f7-9a6a-122694c42f07",2021-10-15T16:15:36Z,2021-10-15T16:15:36Z,"bde3410e-33bb-402f-ab21-63586ac781cd",2021-09-20T04:00:00Z,,,,,,"HR to WW Finance","Daisy Roderiguez","Lenovo T480s","US103428","Genevieve Hancock ","Complete",,,,,"/pcinventory-1/us103428","/pcinventory-1/",,"Ready ",,,,,,,,,
"eec08a35-ff19-46c5-88c8-e88f40b6b0dd",2021-10-15T16:15:37Z,2021-10-15T16:15:37Z,"bde3410e-33bb-402f-ab21-63586ac781cd",,"Ship ",,,,,,"Myrthe","Lenovo T490","US103548","James Lunney","Complete","On Bench - Imaged ","Server RM Bench",,,"/pcinventory-1/us103548","/pcinventory-1/",,,,,,,,,,,
"ef4b7768-33b4-4e60-a944-5fa5c121fd3e",2021-10-15T16:15:35Z,2021-10-15T16:15:35Z,"bde3410e-33bb-402f-ab21-63586ac781cd",,,,,,,,"Hannah Grenna ","Lenovo Yoga 370","US103233","Gil Landa","Complete","On Bench - Imaged",,,,"/pcinventory-1/us103233","/pcinventory-1/",,,,,,,,,,,
"ef7083f2-d038-4db4-9707-27efecd4f434",2021-10-15T16:15:37Z,2021-10-15T16:15:37Z,"bde3410e-33bb-402f-ab21-63586ac781cd",2021-04-12T04:00:00Z,,,,,,,"New","Lenovo T490","US103666","Nadir Ali ","Complete ","On Bench - Imaged","Bench",,,"/pcinventory-1/us103666","/pcinventory-1/",,"charged",,,,,,,,,
"f0f5fbbc-cd7c-483b-a9e9-20a8701cac9e",2021-10-15T16:15:35Z,2021-10-15T16:15:35Z,"bde3410e-33bb-402f-ab21-63586ac781cd",,,,,,,,,"T480","US103311","Anayenssi Castillo","Complete","Completed-Shipped out(Dan)",,,,"/pcinventory-1/us103311","/pcinventory-1/",,,,,,,,,,,
"f1a4a57c-ecb0-4930-b115-ddc486880249",2021-10-15T16:15:35Z,2021-10-15T16:15:35Z,"bde3410e-33bb-402f-ab21-63586ac781cd",,,,,,,,,"Lenovo Yoga 370","US103233","Hannah Grenna","Complete","Completed",,,,"/pcinventory-1/us103233","/pcinventory-1/",,,,,,,,,,,
"f1cd6846-cb56-431c-b82b-8fd4e6bd1ee0",2021-10-15T16:15:37Z,2021-10-15T16:15:37Z,"bde3410e-33bb-402f-ab21-63586ac781cd",,,2020-01-24T05:00:00Z,2020-04-03T04:00:00Z,"49845","52294",,,"Lenovo ThinkPad T490/dock ","US103592","Taylor Ross Dept. 710","Complete","Completed",,,,"/pcinventory-1/us103592","/pcinventory-1/",,,,,,,,,,"PF1W85VA",
"f21d5370-57f9-4a84-bdfe-6102c54fee21",2021-10-15T16:15:35Z,2021-10-15T16:15:35Z,"bde3410e-33bb-402f-ab21-63586ac781cd",,,,,,,,,"Lenovo Yoga 370","US103230","David Kusuma","Complete","Replace his Surface- On Bench(Dan) Complete",,,,"/pcinventory-1/us103230","/pcinventory-1/",,,,,,,,,,,
"f263d1e8-e372-4f14-a13f-d2527e408aa4",2021-10-15T16:15:34Z,2021-10-15T16:15:34Z,"bde3410e-33bb-402f-ab21-63586ac781cd",,,,,,,,,"Lenovo Yoga 260","US103093","Hernan Otero","Complete","Replace US102993 - on bench - Reached out to user (Mike) Complete",,,,"/pcinventory-1/us103093","/pcinventory-1/",,,,,,,,,,,
"f2b551df-650f-49cd-9868-1b39fd94897d",2021-10-15T16:15:38Z,2021-10-15T16:15:38Z,"bde3410e-33bb-402f-ab21-63586ac781cd",2021-10-04T04:00:00Z,,,,,,"173","New","Lenovo T490","US103723","Lina Pinzon","Complete",,,,,"/pcinventory-1/us103723","/pcinventory-1/",,,,,,,,,,,
"f30288e0-9e45-4ba0-a5b8-7d741e873946",2021-10-15T16:15:35Z,2021-10-15T16:15:35Z,"bde3410e-33bb-402f-ab21-63586ac781cd",2021-03-29T04:00:00Z,"Ship ",,,,,,"Dianna Steinberg","`","US103297","Brittany Freemyer","Complete","On Bench - Imaged ","Server RM Bench",,,"/pcinventory-1/us103297","/pcinventory-1/",,,,,,,,,,,
"f35d9e49-b782-458c-acb0-c1f60d095e3b",2021-10-15T16:15:37Z,2021-10-15T16:15:37Z,"bde3410e-33bb-402f-ab21-63586ac781cd",,"Ship",,,,,,"New ","Lenovo T490","US103646","Sheri Strempel","Complete","On Bench - Imaged, updated ready for user.",,,,"/pcinventory-1/us103646","/pcinventory-1/",,,,,,,,,,,
"f68f7358-69d8-4487-9b9e-ef1abc3b8185",2021-10-15T16:15:38Z,2021-11-03T16:13:11Z,"bde3410e-33bb-402f-ab21-63586ac781cd",,,,,,,,"New","Lenovo T490","US103710","Christine Colton","Complete","On Bench - Imaged",,,,"/pcinventory-1/us103710","/pcinventory-1/",,,,,,,,,,,
"f825763e-0481-4b25-aed1-1eea938eebc3",2021-10-15T16:15:35Z,2021-10-15T16:15:35Z,"bde3410e-33bb-402f-ab21-63586ac781cd",2020-11-09T05:00:00Z,"Ship",,,,,,"Bryan He","Lenovo T470s","US103232","Naga Venkat","Complete","Windows updates",,,,"/pcinventory-1/us103232","/pcinventory-1/",,,,,,,,,,,
"f906df31-1ae0-4373-921c-1b66fbfce870",2021-10-15T16:15:35Z,2021-10-15T16:15:35Z,"bde3410e-33bb-402f-ab21-63586ac781cd",,,,,,,,"Tino Robles","Lenovo Yoga 370","US103282","Bob Fisher","Complete","On Bench - Imaged",,,,"/pcinventory-1/us103282","/pcinventory-1/",,,,,,,,,,,
"fa74500a-c718-40f7-b4e5-e9ca7671aef9",2021-10-15T16:15:37Z,2021-10-15T16:15:37Z,"bde3410e-33bb-402f-ab21-63586ac781cd",,,,,,,,,"Lenovo T490","US103548","Myrthe Van der Mei","Complete","Replace US103045 - Reached out to user(Dan)-Trying to setup pickup date/time Complete",,,,"/pcinventory-1/us103548","/pcinventory-1/",,,,,,,,,,,
"fe643d45-26c8-46e2-b439-8708908a45b2",2021-10-15T16:15:36Z,2021-10-15T16:15:36Z,"bde3410e-33bb-402f-ab21-63586ac781cd",,,,,,,,"Cynthia Soto","Lenovo T480s","US103422","Loree Sears","Complete","On Bench - Imaged","Server RM Bench",,,"/pcinventory-1/us103422","/pcinventory-1/",,,,,,,,,,,
"fedf7b2d-17ba-45e8-af26-d79603a8850e",2021-10-15T16:15:36Z,2021-10-15T16:15:36Z,"bde3410e-33bb-402f-ab21-63586ac781cd",,,,,,,,,"Lenovo T480","US103414","Anjeli Singh","Complete","Replace US103144 - On Bench, emailed user x2 (mike) - Target 8/7/20 - Completed",,,,"/pcinventory-1/us103414","/pcinventory-1/",,,,,,,,,,,
"ff82fc3a-437a-4453-9788-7f1ecb9cfac9",2021-10-15T16:15:37Z,2021-10-15T16:15:37Z,"bde3410e-33bb-402f-ab21-63586ac781cd",2021-05-03T04:00:00Z,"Ship",,,,,,"New","Lenovo T490","US103673","Justin Macione","Complete","On Bench - Imaged",,,,"/pcinventory-1/us103673","/pcinventory-1/",,,,,,,,,,,
