﻿"Title","ID","Created Date","Updated Date","Owner","Active","Image","Category","Type","Layout","Header","Footer","Body"
"Dev Task","0bfd9edf-f181-4d5b-871f-afc57d98dcab",2022-10-21T23:56:03Z,2022-10-22T03:43:11Z,"bde3410e-33bb-402f-ab21-63586ac781cd",true,,"Dev Task","Task",,,,
"MFR","11551460-b686-4d09-9bb1-5d0bf4659a68",2022-10-21T23:23:35Z,2022-10-22T03:47:16Z,"bde3410e-33bb-402f-ab21-63586ac781cd",true,,"Meaningful First Response","Communication","<p class=""font_8"">${Header}</p>
<p class=""font_8"">${Body}</p>
<p class=""font_8"">${footer}</p>","${greeting}","${signature}","<p class=""font_8"">${Message}</p>
<p class=""font_8"">${issue}</p>
<p class=""font_8"">${businessImpact}</p>
<p class=""font_8"">${STR}</p>
<p class=""font_8"">${investigation}</p>
<p class=""font_8"">${nextSteps}</p>
<p class=""font_8""><br></p>"
"STR","2d55e976-5347-4423-ad7c-913a830b737e",2022-10-21T23:54:09Z,2022-10-22T03:43:13Z,"bde3410e-33bb-402f-ab21-63586ac781cd",true,,"Steps to Reproduce","Work Notes",,,,
"Investigation","4fcf227f-ea3f-4100-a930-872cc5f6d0fb",2022-10-21T23:53:39Z,2022-10-22T03:43:15Z,"bde3410e-33bb-402f-ab21-63586ac781cd",true,,"Investigation","Work Notes",,,,
"Zoom Meeting","87802299-e3ec-4547-90ce-81fd05bf5b1b",2022-10-21T23:45:15Z,2022-10-22T03:47:01Z,"bde3410e-33bb-402f-ab21-63586ac781cd",true,,"Meeting","Communication",,"${Greeting}","${signature}","<p class=""font_8"">${Invite}</p>
<p class=""font_8"">${availability}</p>
<p class=""font_8"">${zoomInfo}</p>
<p class=""font_8""><br></p>"
"WRAP UP","91490fda-9b20-4791-b258-29f6b841022e",2022-10-21T23:24:08Z,2022-10-21T23:54:51Z,"bde3410e-33bb-402f-ab21-63586ac781cd",true,,"Wrap up","Work Notes","<p class=""font_8"">${Body}</p>",,,"<p class=""font_8"">${Issue}</p>
<p class=""font_8"">${WorkDone}</p>
<p class=""font_8"">${Results}</p>
<p class=""font_8"">${NextSteps}</p>
<p class=""font_8"">${When}</p>"
"SP","abd2654a-b105-42cf-a168-beca60558598",2022-10-21T23:49:11Z,2022-10-22T03:46:53Z,"bde3410e-33bb-402f-ab21-63586ac781cd",true,,"Solution Propose","Communication","<p class=""font_8"">${Header}</p>
<p class=""font_8"">${Body}</p>
<p class=""font_8"">${Footer}</p>","${Greeting}","${Signature}","<p class=""font_8"">${Message}</p>
<p class=""font_8"">${Reason}</p>
<p class=""font_8"">${Issue}</p>
<p class=""font_8"">${MostProbableCause}</p>
<p class=""font_8"">${SolutionPropose}</p>
<p class=""font_8"">${KB}</p>
<p class=""font_8"">${nextSteps)</p>"
"Pre MFR","dc74b06b-9133-45b0-b0cd-92cbc91321b7",2022-10-21T23:54:51Z,2022-10-22T03:47:27Z,"bde3410e-33bb-402f-ab21-63586ac781cd",true,,"Pre First Response","Communication",,"${Greeting}","${Signature}",
